{"info":{"year":"2023","version":"5","description":"Exported from roboflow.com","contributor":"","url":"https://public.roboflow.com/object-detection/undefined","date_created":"2023-08-14T13:46:30+00:00"},"licenses":[{"id":1,"url":"https://creativecommons.org/licenses/by/4.0/","name":"CC BY 4.0"}],"categories":[{"id":0,"name":"sghug","supercategory":"none"},{"id":1,"name":"sghug","supercategory":"sghug"},{"id":2,"name":"w","supercategory":"sghug"}],"images":[{"id":0,"license":1,"file_name":"MPC_1_jpg.rf.002c0530b7ed80ffa5bd052ffaef17bb.jpg","height":1152,"width":2048,"date_captured":"2023-08-14T13:46:30+00:00"},{"id":1,"license":1,"file_name":"Richard-Feynman-The_Character_of_Physical_Law-Part-2-full-version-kd0xTfdt6qw-_mp4-1_jpg.rf.02269d1f72b56e4a776eeaa5818a9c7e.jpg","height":360,"width":470,"date_captured":"2023-08-14T13:46:30+00:00"},{"id":2,"license":1,"file_name":"Screenshot_20230720_214513_png.rf.0b3f8ceef21cc580e722e98408f13dbe.jpg","height":604,"width":1264,"date_captured":"2023-08-14T13:46:30+00:00"},{"id":3,"license":1,"file_name":"Tracking_MPC_2_jpg.rf.01d60a62b76f117f54e9728297453c80.jpg","height":1152,"width":2048,"date_captured":"2023-08-14T13:46:30+00:00"},{"id":4,"license":1,"file_name":"Tracking_MPC_4_jpg.rf.0c43c7f8a09be0175d90a363c882201a.jpg","height":1152,"width":2048,"date_captured":"2023-08-14T13:46:30+00:00"},{"id":5,"license":1,"file_name":"falling_mp4-0_jpg.rf.0327dfd7ee64facd7c915a4a412d024a.jpg","height":1080,"width":1920,"date_captured":"2023-08-14T13:46:30+00:00"},{"id":6,"license":1,"file_name":"falling_mp4-2_jpg.rf.41abb13914c062e0991a7a1f4c82da93.jpg","height":1080,"width":1920,"date_captured":"2023-08-14T13:46:30+00:00"},{"id":7,"license":1,"file_name":"15525772766_3abe50a63a_jpg.rf.066252a9c8a76769fc68049cab11db07.jpg","height":373,"width":499,"date_captured":"2023-08-14T13:46:30+00:00"},{"id":8,"license":1,"file_name":"Richard-Feynman-The_Character_of_Physical_Law-Part-2-full-version-kd0xTfdt6qw-_mp4-1_jpg.rf.270a35eb0f195711c95c38adb95b8b7a.jpg","height":360,"width":470,"date_captured":"2023-08-14T13:46:30+00:00"},{"id":9,"license":1,"file_name":"Richard-Feynman-The_Character_of_Physical_Law-Part-2-full-version-kd0xTfdt6qw-_mp4-4_jpg.rf.4193c72d1dcd5eb397b2af525dd9102f.jpg","height":360,"width":470,"date_captured":"2023-08-14T13:46:30+00:00"},{"id":10,"license":1,"file_name":"Richard-Feynman-The_Character_of_Physical_Law-Part-2-full-version-kd0xTfdt6qw-_mp4-6_jpg.rf.31fb1aa74bc6f2c0e197c94fe614b227.jpg","height":360,"width":470,"date_captured":"2023-08-14T13:46:30+00:00"},{"id":11,"license":1,"file_name":"falling_mp4-3_jpg.rf.19da1dc4bd9e457c551b0184c0ae64bc.jpg","height":1080,"width":1920,"date_captured":"2023-08-14T13:46:30+00:00"},{"id":12,"license":1,"file_name":"falling_mp4-1_jpg.rf.4ae463d0e0e3cfd9e20eec35914ea831.jpg","height":1080,"width":1920,"date_captured":"2023-08-14T13:46:30+00:00"},{"id":13,"license":1,"file_name":"Tracking_MPC_1_jpg.rf.53d93bdbb8bef0f32427467fc3f9bc38.jpg","height":1152,"width":2048,"date_captured":"2023-08-14T13:46:30+00:00"},{"id":14,"license":1,"file_name":"Richard-Feynman-The_Character_of_Physical_Law-Part-2-full-version-kd0xTfdt6qw-_mp4-0_jpg.rf.21a527aedd23d4e86fd5e3a42d05cb6b.jpg","height":360,"width":470,"date_captured":"2023-08-14T13:46:30+00:00"},{"id":15,"license":1,"file_name":"ryerson2_png.rf.17db1894cac546d23d4bca45687246d8.jpg","height":700,"width":1920,"date_captured":"2023-08-14T13:46:30+00:00"},{"id":16,"license":1,"file_name":"falling_mp4-5_jpg.rf.522554d11d09d61ce8f9ceacbd218b03.jpg","height":1080,"width":1920,"date_captured":"2023-08-14T13:46:30+00:00"},{"id":17,"license":1,"file_name":"falling_mp4-0_jpg.rf.3b189ff5092674ed3afba81ba46024ff.jpg","height":1080,"width":1920,"date_captured":"2023-08-14T13:46:30+00:00"},{"id":18,"license":1,"file_name":"Tracking_MPC_3_jpg.rf.2ece1c4245b8c490364d6146af3c4d94.jpg","height":1152,"width":2048,"date_captured":"2023-08-14T13:46:30+00:00"},{"id":19,"license":1,"file_name":"Tracking_MPC_1_jpg.rf.150827dbb1d58b64b872e52e7f736cea.jpg","height":1152,"width":2048,"date_captured":"2023-08-14T13:46:30+00:00"},{"id":20,"license":1,"file_name":"foto-9-schoolbord2OM_jpg.rf.2c556fd1fc93b1bdc1159f3d67446cd4.jpg","height":684,"width":1216,"date_captured":"2023-08-14T13:46:30+00:00"},{"id":21,"license":1,"file_name":"Tracking_MPC_4_jpg.rf.65a73e91aaecbf28db4c18fa8e298ae4.jpg","height":1152,"width":2048,"date_captured":"2023-08-14T13:46:30+00:00"},{"id":22,"license":1,"file_name":"falling_mp4-0_jpg.rf.792126e4f073a9f50bb80350993df077.jpg","height":1080,"width":1920,"date_captured":"2023-08-14T13:46:30+00:00"},{"id":23,"license":1,"file_name":"foto6-formule-op-schoolbordOM_jpg.rf.69864a1db2f9967fe0a78ef7e6d93e51.jpg","height":409,"width":727,"date_captured":"2023-08-14T13:46:30+00:00"},{"id":24,"license":1,"file_name":"Richard-Feynman-The_Character_of_Physical_Law-Part-2-full-version-kd0xTfdt6qw-_mp4-6_jpg.rf.88d1762d07d21a59765cc22a9743be82.jpg","height":360,"width":470,"date_captured":"2023-08-14T13:46:30+00:00"},{"id":25,"license":1,"file_name":"Tracking_MPC_5_jpg.rf.6f4678fcfa45288be5e9d5b4129573bd.jpg","height":1152,"width":2048,"date_captured":"2023-08-14T13:46:30+00:00"},{"id":26,"license":1,"file_name":"Tracking_MPC_2_jpg.rf.7bd4072ca22bc63b25526133b977f03f.jpg","height":1152,"width":2048,"date_captured":"2023-08-14T13:46:30+00:00"},{"id":27,"license":1,"file_name":"Screenshot_20230720_214513_png.rf.65c231ea53fc3ea2c3513c1bfc41ad07.jpg","height":604,"width":1264,"date_captured":"2023-08-14T13:46:30+00:00"},{"id":28,"license":1,"file_name":"Richard-Feynman-The_Character_of_Physical_Law-Part-2-full-version-kd0xTfdt6qw-_mp4-0_jpg.rf.604953206fcaf4d49e9687789ade0917.jpg","height":360,"width":470,"date_captured":"2023-08-14T13:46:30+00:00"},{"id":29,"license":1,"file_name":"Richard-Feynman-The_Character_of_Physical_Law-Part-2-full-version-kd0xTfdt6qw-_mp4-6_jpg.rf.a41bbd1744f2fac77f811199bd4cff44.jpg","height":360,"width":470,"date_captured":"2023-08-14T13:46:30+00:00"},{"id":30,"license":1,"file_name":"20180910_132754_5b97bea52a6b222e6113ea32_jpg.rf.6748184530fe48e1c0e93d22936ac1c9.jpg","height":450,"width":600,"date_captured":"2023-08-14T13:46:30+00:00"},{"id":31,"license":1,"file_name":"20180910_132754_5b97bea52a6b222e6113ea32_jpg.rf.7e33a4362e47e685026bff8e1c6d0962.jpg","height":450,"width":600,"date_captured":"2023-08-14T13:46:30+00:00"},{"id":32,"license":1,"file_name":"falling_mp4-1_jpg.rf.884575beeb997fa00bcbad4638042037.jpg","height":1080,"width":1920,"date_captured":"2023-08-14T13:46:30+00:00"},{"id":33,"license":1,"file_name":"Richard-Feynman-The_Character_of_Physical_Law-Part-2-full-version-kd0xTfdt6qw-_mp4-0_jpg.rf.8fdb510e54078be1afa4f278e882b094.jpg","height":360,"width":470,"date_captured":"2023-08-14T13:46:30+00:00"},{"id":34,"license":1,"file_name":"Tracking_MPC_5_jpg.rf.9d48580e5a573a1bb082a7e8f46cda54.jpg","height":1152,"width":2048,"date_captured":"2023-08-14T13:46:30+00:00"},{"id":35,"license":1,"file_name":"falling_mp4-1_jpg.rf.9ab5324dbcfc5716b5f41a0df761663f.jpg","height":1080,"width":1920,"date_captured":"2023-08-14T13:46:30+00:00"},{"id":36,"license":1,"file_name":"falling_mp4-2_jpg.rf.addee6d8210a48874eb82b369a9c09ee.jpg","height":1080,"width":1920,"date_captured":"2023-08-14T13:46:30+00:00"},{"id":37,"license":1,"file_name":"whiteboard_jpg.rf.a2a2ba3da6d9c65c8a5422ea562ea691.jpg","height":544,"width":793,"date_captured":"2023-08-14T13:46:30+00:00"},{"id":38,"license":1,"file_name":"falling_mp4-5_jpg.rf.7f78e1f3b3c5035ff0db3b4387e30497.jpg","height":1080,"width":1920,"date_captured":"2023-08-14T13:46:30+00:00"},{"id":39,"license":1,"file_name":"falling_mp4-3_jpg.rf.a6f9c8e5d3ca39c13c33e15da7a7bfc2.jpg","height":1080,"width":1920,"date_captured":"2023-08-14T13:46:30+00:00"},{"id":40,"license":1,"file_name":"20180910_132754_5b97bea52a6b222e6113ea32_jpg.rf.ae06bb0b65634808ee7a1f51009a516f.jpg","height":450,"width":600,"date_captured":"2023-08-14T13:46:30+00:00"},{"id":41,"license":1,"file_name":"Tracking_MPC_5_jpg.rf.92d27e67e4d065447896eb7283332b5c.jpg","height":1152,"width":2048,"date_captured":"2023-08-14T13:46:30+00:00"},{"id":42,"license":1,"file_name":"ryerson2_png.rf.71c0ca4380cac3c85c52b4c86abda6b1.jpg","height":700,"width":1920,"date_captured":"2023-08-14T13:46:30+00:00"},{"id":43,"license":1,"file_name":"foto6-formule-op-schoolbordOM_jpg.rf.922357268dc88b2ab5001fb5a7b20db7.jpg","height":409,"width":727,"date_captured":"2023-08-14T13:46:30+00:00"},{"id":44,"license":1,"file_name":"image_jpg.rf.9563a0544553516b083f85b1cbf2f360.jpg","height":512,"width":1024,"date_captured":"2023-08-14T13:46:30+00:00"},{"id":45,"license":1,"file_name":"Richard-Feynman-The_Character_of_Physical_Law-Part-2-full-version-kd0xTfdt6qw-_mp4-4_jpg.rf.9cee5b07ac6de3b69f1af16ba52e5ff2.jpg","height":360,"width":470,"date_captured":"2023-08-14T13:46:30+00:00"},{"id":46,"license":1,"file_name":"Example-of-visualisation-on-whiteboard-This-visualisation-shows-the-design-of-the_png.rf.b718b03863eb619c0f0dd69d2cd8b07b.jpg","height":433,"width":850,"date_captured":"2023-08-14T13:46:30+00:00"},{"id":47,"license":1,"file_name":"Tracking_MPC_4_jpg.rf.b09fd6673e6d64e2a959a9aa80e37480.jpg","height":1152,"width":2048,"date_captured":"2023-08-14T13:46:30+00:00"},{"id":48,"license":1,"file_name":"Tracking_MPC_2_jpg.rf.bac24fa0ecf2b262b78a0100033bf5f9.jpg","height":1152,"width":2048,"date_captured":"2023-08-14T13:46:30+00:00"},{"id":49,"license":1,"file_name":"15525772766_3abe50a63a_jpg.rf.bb95622cdb081bd521d7064470756ee7.jpg","height":373,"width":499,"date_captured":"2023-08-14T13:46:30+00:00"},{"id":50,"license":1,"file_name":"ryerson2_png.rf.b7568a82d0cf6e72ce3a6b11c10ed9ec.jpg","height":700,"width":1920,"date_captured":"2023-08-14T13:46:30+00:00"},{"id":51,"license":1,"file_name":"Tracking_MPC_3_jpg.rf.bd1b9a9521905f968a4e1e83e867c353.jpg","height":1152,"width":2048,"date_captured":"2023-08-14T13:46:30+00:00"},{"id":52,"license":1,"file_name":"15525772766_3abe50a63a_jpg.rf.d9ed59739ac59ea149e4a82ff85337bd.jpg","height":373,"width":499,"date_captured":"2023-08-14T13:46:30+00:00"},{"id":53,"license":1,"file_name":"Example-of-visualisation-on-whiteboard-This-visualisation-shows-the-design-of-the_png.rf.c33b80a4b14a643ab1688aba9a2ccc43.jpg","height":433,"width":850,"date_captured":"2023-08-14T13:46:30+00:00"},{"id":54,"license":1,"file_name":"MPC_1_jpg.rf.cdbf9a742d3e8eb6692d595c7a78c2ab.jpg","height":1152,"width":2048,"date_captured":"2023-08-14T13:46:30+00:00"},{"id":55,"license":1,"file_name":"whiteboard_jpg.rf.dcc373a0114896cb1398f77dd6a9bea9.jpg","height":544,"width":793,"date_captured":"2023-08-14T13:46:30+00:00"},{"id":56,"license":1,"file_name":"Tracking_MPC_3_jpg.rf.daa93f1c70a56a1d3c2a33640d3ee717.jpg","height":1152,"width":2048,"date_captured":"2023-08-14T13:46:30+00:00"},{"id":57,"license":1,"file_name":"Tracking_MPC_1_jpg.rf.c187ef3340317e5c5f7e5560e5bcfcdd.jpg","height":1152,"width":2048,"date_captured":"2023-08-14T13:46:30+00:00"},{"id":58,"license":1,"file_name":"Richard-Feynman-The_Character_of_Physical_Law-Part-2-full-version-kd0xTfdt6qw-_mp4-1_jpg.rf.feac4232365b274823a2283b525dbf57.jpg","height":360,"width":470,"date_captured":"2023-08-14T13:46:30+00:00"},{"id":59,"license":1,"file_name":"Example-of-visualisation-on-whiteboard-This-visualisation-shows-the-design-of-the_png.rf.dc98a54f1bb0e80d9f705d921f9beeba.jpg","height":433,"width":850,"date_captured":"2023-08-14T13:46:30+00:00"},{"id":60,"license":1,"file_name":"foto-9-schoolbord2OM_jpg.rf.d6b38d7329b0cfd99e172d493403df70.jpg","height":684,"width":1216,"date_captured":"2023-08-14T13:46:30+00:00"},{"id":61,"license":1,"file_name":"falling_mp4-3_jpg.rf.d3037b7d15a79ea654a4f6ec932eccb1.jpg","height":1080,"width":1920,"date_captured":"2023-08-14T13:46:30+00:00"},{"id":62,"license":1,"file_name":"MPC_1_jpg.rf.cb65dce78d953901a80de89fb5985319.jpg","height":1152,"width":2048,"date_captured":"2023-08-14T13:46:30+00:00"},{"id":63,"license":1,"file_name":"foto-9-schoolbord2OM_jpg.rf.f9de2062e73db00cc37c4cd9fb9a441d.jpg","height":684,"width":1216,"date_captured":"2023-08-14T13:46:30+00:00"},{"id":64,"license":1,"file_name":"Screenshot_20230720_214513_png.rf.db7b36030b35779fcfde5fdee649646b.jpg","height":604,"width":1264,"date_captured":"2023-08-14T13:46:30+00:00"},{"id":65,"license":1,"file_name":"image_jpg.rf.f5c519e274ba510fcc48d15a0aaa4c95.jpg","height":512,"width":1024,"date_captured":"2023-08-14T13:46:30+00:00"},{"id":66,"license":1,"file_name":"Richard-Feynman-The_Character_of_Physical_Law-Part-2-full-version-kd0xTfdt6qw-_mp4-4_jpg.rf.e15eaa6ffccffd29ed6b0c44d9c47b6b.jpg","height":360,"width":470,"date_captured":"2023-08-14T13:46:30+00:00"},{"id":67,"license":1,"file_name":"falling_mp4-2_jpg.rf.efabe64cb8a4855dbbc221a2b1c1b3ca.jpg","height":1080,"width":1920,"date_captured":"2023-08-14T13:46:30+00:00"},{"id":68,"license":1,"file_name":"image_jpg.rf.f7d28b88442b665b1d65d1556396a4b8.jpg","height":512,"width":1024,"date_captured":"2023-08-14T13:46:30+00:00"},{"id":69,"license":1,"file_name":"foto6-formule-op-schoolbordOM_jpg.rf.d30a9b2295dd101df3a633cb0eb615c5.jpg","height":409,"width":727,"date_captured":"2023-08-14T13:46:30+00:00"},{"id":70,"license":1,"file_name":"falling_mp4-5_jpg.rf.d39c19d8872b0a1f5cbd13837564987a.jpg","height":1080,"width":1920,"date_captured":"2023-08-14T13:46:30+00:00"},{"id":71,"license":1,"file_name":"whiteboard_jpg.rf.eb4af12ad967e9a37bb8acaeeeba2be1.jpg","height":544,"width":793,"date_captured":"2023-08-14T13:46:30+00:00"}],"annotations":[{"id":0,"image_id":0,"category_id":1,"bbox":[314,130,1733.914,999.915],"area":1733766.129,"segmentation":[[2048,368.849,1933.61,167.571,1929.853,164.936,1911.82,135.594,1907.269,131.474,1903.669,129.684,1892.81,131.342,1815.135,160.72,1716.948,204.462,1706.301,205.419,1696.023,209.262,1683.411,215.333,1679.326,221.975,1669.84,227.301,1628.725,242.672,1620.462,242.597,1606.793,246.689,1564.351,265.071,1548.987,269.289,1467.014,306.01,1459.706,305.521,1453.133,310.804,1373.229,344.801,1126.69,440.615,1016.265,487.831,821.65,565.42,653.206,635.937,374.612,743.197,324.062,765.091,315.794,770.499,314.086,784.333,330.516,827.158,370.317,910.413,390.449,960.162,432.307,1051.661,459.845,1109.774,470.629,1129.598,1340.861,1043.249,1424.012,1006.763,1450.935,989.012,1462.111,989.044,1534.597,957.65,1566.657,940.72,1572.81,931.355,1577.527,928.094,1585.738,926.974,1594.483,921.36,1602.268,921.642,1605.767,918.3,1638.46,904.75,1659.334,898.754,1707.551,879.089,1765.627,851.5,1779.778,841.717,1820.153,826.058,1902.976,786.533,1920.89,773.902,1996.134,738.877,2048,718.19,2048,368.849]],"iscrowd":0},{"id":1,"image_id":0,"category_id":1,"bbox":[155,0,1693.934,740.951],"area":1255122.576,"segmentation":[[736.181,0,658.827,27.999,158.15,246.061,154.803,255.732,176.194,317.726,269.976,553.615,344.12,723.096,351.361,738.841,356.179,740.713,366.878,740.951,395.595,730.95,1760.763,177.493,1812.432,155.114,1847.62,139.228,1848.737,134.176,1847.409,131.554,1834.225,106.888,1784.808,26.656,1768.064,0,736.181,0]],"iscrowd":0},{"id":2,"image_id":1,"category_id":1,"bbox":[77,27,386.111,306.111],"area":118192.894,"segmentation":[[82.778,26.667,463.333,27.222,460.556,332.778,91.667,320.556,93.333,311.667,87.222,306.111,77.222,298.889]],"iscrowd":0},{"id":3,"image_id":2,"category_id":2,"bbox":[181,1,900,600],"area":540000,"segmentation":[[1069,600.5,1075,584.5,1080,403.5,1081,5.5,1077.5,1,195,3.5,181,400.5,181,442.5,184.5,455,193.5,453,221.5,432,253,402.5,253,387.5,241,362.5,244,297.5,262,258.5,289.5,238,303.5,234,337.5,234,351.5,240,370,257.5,385,313.5,395,323.5,387,350.5,385,374.5,385,386.5,391.5,390,426.5,389,438.5,393,471.5,390,516.5,368,569.5,350,592.5,337,611.5,334,660.5,315,674.5,305,707.5,298,748.5,278,775.5,273,785.5,276,790,282.5,787,302.5,792,317.5,788.5,323,778.5,325,755,342.5,742,399.5,734.5,404,728,397.5,735,346.5,730,347.5,732.5,353,724.5,344,709.5,351,704.5,349,692.5,357,680.5,373,665.5,378,619.5,411,603.5,417,581,451.5,559.5,472,482.5,505,473,519.5,473,595.5,480.5,601]],"iscrowd":0},{"id":4,"image_id":3,"category_id":1,"bbox":[0,0,2048,914.954],"area":1873825.477,"segmentation":[[142.523,0,129.231,1.477,0,0.246,0,851.446,0.985,860.308,4.923,867.692,2.462,875.569,5.415,883.938,8.123,886.154,18.215,875.569,18.708,867.692,24.369,863.508,27.077,870.646,24.123,883.938,31.754,890.092,40.123,885.169,56.862,880.246,85.415,879.262,101.662,876.308,100.677,872.862,94.031,870.154,93.046,867.692,96.246,865.969,103.138,867.446,106.831,875.569,112.492,877.785,117.169,875.569,117.169,872.123,114.954,869.908,109.046,869.415,108.062,867.446,120.862,868.923,121.846,867.446,130.708,866.954,132.431,868.677,125.785,871.385,123.569,875.077,128.246,878.277,136.123,876.308,143.015,878.277,152.369,876.308,162.215,877.292,167.631,872.862,176.985,878.277,184.862,873.846,192.738,878.769,201.108,875.323,210.954,877.785,216.862,874.831,225.723,877.785,233.108,872.862,236.554,877.785,252.308,883.2,273.477,883.2,281.354,878.769,291.692,880.246,298.092,878.277,313.354,879.754,329.108,886.646,336,882.708,354.215,883.2,361.6,886.646,377.846,885.169,382.277,879.262,393.6,873.354,398.277,875.569,394.831,878.031,393.354,882.462,394.831,891.815,402.462,896.985,406.892,895.015,409.846,889.6,418.215,892.554,426.338,892.8,427.323,883.446,421.415,876.554,422.4,867.692,425.6,864.985,434.954,869.415,441.846,870.4,447.508,876.554,450.215,885.169,455.385,881.969,457.108,875.323,465.969,877.785,474.831,873.354,478.769,875.323,482.215,880.738,486.646,879.262,490.092,875.323,493.046,879.262,496.985,880.738,506.338,877.292,519.631,879.754,522.585,885.662,525.538,881.723,530.462,880.738,534.154,876.062,529.231,870.154,529.969,866.954,563.938,866.462,571.323,864,580.431,867.692,580.431,872.123,577.969,874.585,579.2,877.785,588.062,874.338,594.954,864,602.338,862.031,605.292,865.969,612.185,867.446,614.4,873.108,618.092,875.815,622.277,874.092,623.262,867.2,626.954,864.492,631.385,871.385,638.031,875.077,642.215,882.215,651.077,881.231,658.708,875.569,655.754,868.677,658.462,865.477,665.846,867.446,676.677,866.462,681.6,867.446,683.077,869.908,686.523,867.446,693.908,867.446,699.569,870.646,702.523,880.985,707.692,884.185,713.108,891.569,722.954,894.523,730.831,893.538,738.708,897.969,765.292,898.462,795.323,890.092,807.138,888.615,813.046,888.615,818.954,892.554,827.323,891.077,833.723,893.046,852.923,893.046,858.831,890.585,883.446,890.585,915.938,884.185,944.492,881.723,956.308,881.723,964.185,884.677,993.231,882.215,1087.754,882.708,1097.108,883.692,1100.554,886.154,1105.477,883.2,1124.185,883.2,1132.062,886.154,1138.954,883.692,1150.277,884.677,1156.677,883.2,1164.554,888.123,1172.431,890.092,1196.554,891.077,1204.431,896,1212.8,892.554,1220.677,896.492,1228.554,894.523,1245.785,896.492,1253.169,891.569,1264,890.585,1268.923,883.692,1276.8,886.646,1283.692,894.031,1295.015,894.523,1317.169,892.062,1348.677,884.185,1359.508,885.662,1366.4,883.692,1390.031,889.108,1397.415,886.154,1423.508,888.123,1428.923,886.154,1438.277,887.138,1445.662,884.677,1454.031,887.631,1458.954,883.692,1465.846,883.2,1501.785,885.662,1510.154,891.569,1518.523,892.062,1526.4,890.092,1533.292,894.031,1552,895.015,1570.708,891.569,1584,894.523,1598.277,894.031,1605.169,896.985,1614.523,896.985,1622.4,892.062,1638.646,895.015,1646.523,893.538,1657.846,895.015,1668.677,891.569,1681.477,891.569,1687.385,893.538,1695.754,891.077,1702.646,895.015,1717.908,896.985,1771.077,899.446,1782.4,908.308,1791.754,903.877,1798.646,909.292,1807.508,908.8,1814.892,911.262,1823.262,909.785,1847.385,910.769,1851.077,908.062,1852.062,900.185,1855.262,898.462,1858.462,910.031,1863.877,914.954,1871.508,910.769,1879.385,913.723,1895.138,909.785,1907.446,910.769,1912.123,907.569,1911.138,899.692,1917.785,897.477,1924.677,898.954,1928.862,910.523,1936,914.708,1943.877,909.292,1953.723,908.308,1956.431,899.692,1967.015,891.077,1971.446,892.062,1975.877,896,1981.292,894.031,1993.108,896,2014.769,892.062,2015.262,883.692,2019.692,887.138,2028.554,888.123,2039.877,893.538,2048,893.292,2047.754,118.646,2024.615,114.215,2000,116.185,1962.092,109.292,1882.338,105.354,1840.985,99.938,1760.246,93.538,1661.785,88.615,1639.631,85.169,1590.4,83.2,1582.523,81.231,1504.738,75.815,1433.846,72.862,1392.985,67.446,1348.677,65.477,1294.031,59.569,1140.431,51.2,1084.8,44.8,1011.446,41.846,974.031,35.446,947.446,33.477,924.308,28.062,843.077,24.615,829.785,21.169,811.569,23.138,778.092,23.138,732.308,18.215,722.462,19.2,700.308,12.308,689.477,13.292,657.969,10.831,642.215,6.892,610.708,3.938,526.031,1.477,490.092,2.462,474.338,0.492,465.477,2.954,454.646,1.477,336.492,1.969,318.277,0,142.523,0]],"iscrowd":0},{"id":5,"image_id":3,"category_id":1,"bbox":[0,993,2048,159.015],"area":325663.508,"segmentation":[[2048,998.154,1836.062,999.877,1789.785,999.385,1759.262,996.923,1708.554,998.4,1689.846,996.923,1463.385,996.431,1456,994.462,1444.185,995.938,1423.508,993.477,1414.154,993.969,1407.262,997.415,1387.569,997.415,1195.569,992.985,1149.785,994.954,1124.185,993.477,1116.8,994.954,1059.2,993.969,1036.554,995.446,980.923,993.477,914.954,993.969,909.538,995.446,882.954,994.462,876.062,995.938,769.231,994.462,699.323,996.923,0,997.662,0.246,1149.046,473.846,1149.046,514.708,1151.015,520.615,1149.046,522.585,1145.6,524.062,1149.046,534.892,1151.508,681.108,1149.538,698.831,1151.015,756.923,1150.031,764.8,1151.508,796.308,1150.031,836.185,1150.523,843.569,1152,851.938,1152,882.954,1150.523,910.031,1152,915.938,1150.031,925.046,1152,931.692,1151.508,956.8,1152,962.708,1150.523,970.585,1152,995.692,1151.015,1012.431,1152,1027.2,1150.031,1036.062,1152,1075.938,1150.031,1126.154,1150.523,1133.538,1152,1203.938,1150.523,1213.785,1152,1237.415,1150.031,1285.662,1151.508,1310.277,1149.538,1428.923,1149.046,2045.292,1150.031,2048,1149.292,2048,998.154]],"iscrowd":0},{"id":6,"image_id":4,"category_id":1,"bbox":[0,0,2032.168,1026.371],"area":2085758.134,"segmentation":[[126.25,0,0,379.864,0,781.369,236.863,821.487,1498.794,1026.371,1725.709,1007.848,1731.245,998.884,2028.344,395.709,2032.168,286.179,1996.872,274.256,1066.406,0,126.25,0]],"iscrowd":0},{"id":7,"image_id":4,"category_id":1,"bbox":[1349,0,688.262,215.09],"area":148038.503,"segmentation":[[1349.469,0,2034.651,215.09,2037.731,126.893,1864.553,87.665,1474.894,0,1349.469,0]],"iscrowd":0},{"id":8,"image_id":5,"category_id":1,"bbox":[260,0,1659.961,894.453],"area":1484757.569,"segmentation":[[317.57,0,260.039,484.05,1404.904,894.453,1850.093,821.285,1920,432.049,1920,294.888,479.326,0,317.57,0]],"iscrowd":0},{"id":9,"image_id":6,"category_id":1,"bbox":[42,56,1681.705,833.244],"area":1401270.374,"segmentation":[[1723.987,219.935,244.978,55.6,42.282,584.056,1067.921,888.844,1464.349,826.056,1720.165,229.981,1723.987,219.935]],"iscrowd":0},{"id":10,"image_id":7,"category_id":2,"bbox":[44,0,454.975,358.903],"area":163291.74,"segmentation":[[203.058,0,44.025,181.057,65.257,268.373,170.646,358.903,395.48,319.259,499,197.782,499,11.215,486.785,0,203.058,0]],"iscrowd":0},{"id":11,"image_id":8,"category_id":1,"bbox":[0,9,447.336,351.179],"area":157095.337,"segmentation":[[177.888,360,432.319,207.158,447.336,132.229,383.298,15.618,216.472,8.821,0,147.04,0,171.887,100.126,360,177.888,360]],"iscrowd":0},{"id":12,"image_id":9,"category_id":1,"bbox":[163,0,307.313,282.899],"area":86938.679,"segmentation":[[176.091,0,162.687,10.72,382.157,282.899,470,213.442,470,71.293,468.783,69.753,412.906,0,176.091,0]],"iscrowd":0},{"id":13,"image_id":10,"category_id":1,"bbox":[5,6,457.895,354.211],"area":162191.111,"segmentation":[[5.263,5.789,462.105,5.789,463.158,360,8.421,358.947]],"iscrowd":0},{"id":14,"image_id":11,"category_id":1,"bbox":[98,254,1637.092,825.641],"area":1351649.575,"segmentation":[[1611.633,1080,1732.546,360.014,1734.707,343.155,158.402,254.359,97.616,780.531,1512.897,1080,1611.633,1080]],"iscrowd":0},{"id":15,"image_id":12,"category_id":1,"bbox":[92,0,1720.912,987.089],"area":1698693.873,"segmentation":[[916.718,0,91.806,803.975,246.41,987.089,696.044,874.983,1812.433,0.276,1812.718,0,916.718,0]],"iscrowd":0},{"id":16,"image_id":13,"category_id":1,"bbox":[157,102,1891.446,989.046],"area":1870727.544,"segmentation":[[187.569,701.785,205.292,972.062,213.333,1014.154,233.026,1019.077,579.282,1027.282,1637.662,1090.954,2000,1090.954,2048,1087.262,2047.754,114.215,2017.723,110.277,225.231,101.908,191.754,102.4,167.138,106.338,160,112,157.046,122.831,156.554,154.338,187.569,701.785]],"iscrowd":0},{"id":17,"image_id":13,"category_id":1,"bbox":[261,7,1783.795,103.385],"area":184416.946,"segmentation":[[2044.718,109.949,2044.718,6.564,260.923,6.564,267.487,90.256,2044.718,109.949]],"iscrowd":0},{"id":18,"image_id":14,"category_id":1,"bbox":[107,0,350.035,315.383],"area":110395.159,"segmentation":[[224.849,0,220.088,6.349,219.482,7.239,233.457,18.971,231.889,30.018,220.482,58.143,209.078,68.777,204.985,82.66,212.205,120.141,259.732,136.005,287.152,140.314,288.804,154.499,274.441,153.741,271.567,164.084,253.635,164.198,228.39,168.06,195.487,155.194,179.473,136.753,165.804,148.964,162.32,164.574,151.961,173.674,152.307,187.154,140.294,189.065,106.514,231.697,242.082,315.383,359.371,296.106,450.033,167.364,456.549,87.537,295.252,0,224.849,0]],"iscrowd":0},{"id":19,"image_id":14,"category_id":1,"bbox":[0,0,168.387,194.509],"area":32752.912,"segmentation":[[66.99,0,0,99.731,0,177.313,32.414,194.509,168.387,0,66.99,0]],"iscrowd":0},{"id":20,"image_id":15,"category_id":2,"bbox":[219,0,1105.615,660.151],"area":729873.139,"segmentation":[[749.273,0,679.91,56.302,590.436,143.651,568.582,160.369,556.276,157.138,219.109,434.9,260.383,502.958,372.831,660.151,415.289,656.934,459.158,614.488,466.791,601.628,481.833,556.189,510.442,519.588,536.877,493.604,563.673,481.7,606.13,478.583,630.483,488.574,659.047,482.967,684.492,527.449,705.928,535.395,719.36,549.87,712.357,565.533,721.713,589.966,740.121,586.009,759.081,595.423,796.708,553.677,800.536,539.498,851.651,473.484,868.258,442.801,858.755,431.755,848.352,429.183,848.364,421.434,831.126,405.64,774.573,371.052,768.753,359.214,692.519,330.726,675.293,307.183,682.611,292.922,684.92,276.666,692.035,270.862,703.328,272.709,708.8,262.718,718.764,261.778,731.7,267.812,734.56,264.926,734.256,255.776,714.992,237.212,705.185,217.016,814.846,124.258,855.964,169.778,890.078,143.612,903.217,141.188,947.937,196.485,936.937,211.538,832.23,301.36,795.808,256.434,789.019,255.89,772.175,274.603,801.448,304.906,844.952,323.601,854.218,322.678,859.791,330.294,880.598,335.438,923.719,355.551,943.872,373.39,958.205,379.391,959.578,394.855,963.125,399.702,974.676,398.021,981.51,411.243,986.397,411.127,990.911,404.681,985.406,394.245,992.949,399.702,995.73,407.385,991.215,413.831,982.197,418.975,971.918,418.514,967.651,429.181,971.693,442.469,965.072,456.714,967.448,481.313,960.704,493.447,964.994,510.956,949.727,536.676,953.757,557.713,942.555,581.224,944.547,607.24,1015.129,551.332,991.632,520.188,993.996,508.862,1043.31,459.796,1093.884,416.335,1101.822,412.625,1126.4,442.334,1135.283,442.829,1136.161,449.852,1142.387,444.774,1128.967,422.55,1129.676,414.785,1135.902,409.707,1148.647,416.449,1153.567,436.761,1163.79,432.293,1126.242,376.123,1131.523,366.841,1148.422,353.057,1206.416,312.943,1243.278,361.381,1249.56,361.233,1259.153,353.962,1319.826,303.923,1324.724,296.058,1322.067,290.486,1238.459,183.982,1229.643,180.668,1219.477,190.066,1209.389,188.896,1154.367,148.636,1149.368,138.892,1173.023,105.225,1173.226,96.767,1122.561,27.523,1109.94,22.891,1049.007,76.458,1031.894,62.774,993.884,18.59,995.607,12.209,1008.284,0,749.273,0]],"iscrowd":0},{"id":21,"image_id":16,"category_id":1,"bbox":[158,292,1586.667,753.333],"area":1195288.861,"segmentation":[[158.333,293.333,1745,291.667,1710,1045,163.333,808.333]],"iscrowd":0},{"id":22,"image_id":17,"category_id":1,"bbox":[146,89,1253.238,990.72],"area":1241608.291,"segmentation":[[1399.619,1080,725.774,167.558,386.713,89.28,146.381,268.528,577.802,1080,1399.619,1080]],"iscrowd":0},{"id":23,"image_id":17,"category_id":1,"bbox":[1076,248,607.849,744.753],"area":452697.221,"segmentation":[[1683.655,993.11,1165.029,268.968,1075.806,248.369,1683.637,993.123,1683.655,993.11]],"iscrowd":0},{"id":24,"image_id":18,"category_id":1,"bbox":[0,141,2048,964.431],"area":1975154.215,"segmentation":[[47.754,779.569,80.246,983.877,92.554,1004.062,96.738,1006.769,136.123,1015.138,208,1021.046,1913.354,1100.8,2031.508,1105.723,2048,1104.492,2047.754,141.292,417.723,151.631,23.877,157.538,0.738,162.462,0,270.523,47.754,779.569]],"iscrowd":0},{"id":25,"image_id":18,"category_id":1,"bbox":[10,0,2028.308,67.282],"area":136468.702,"segmentation":[[2038.154,1.641,13.128,0,9.846,67.282,2036.513,67.282,2038.154,1.641]],"iscrowd":0},{"id":26,"image_id":19,"category_id":1,"bbox":[99,0,1948.501,1113.869],"area":2170375.143,"segmentation":[[2048,0,874.639,0,139.436,747.715,115.682,772.773,100.702,793.632,99.499,802.757,104.901,812.311,126.448,834.121,448.681,1113.869,1107.056,1052.407,1832.342,388.106,2048,166.837,2048,0]],"iscrowd":0},{"id":27,"image_id":19,"category_id":1,"bbox":[99,0,767.947,708.426],"area":544034.076,"segmentation":[[738.428,0,98.765,656.306,161.663,708.426,866.713,0,738.428,0]],"iscrowd":0},{"id":28,"image_id":20,"category_id":1,"bbox":[0,16,1075.333,667.541],"area":717828.666,"segmentation":[[1075.333,684,824.911,192.619,722.103,84.402,140.82,16.459,0,155.77,0,354.233,183.285,547.189,316.615,684,1075.333,684]],"iscrowd":0},{"id":29,"image_id":21,"category_id":1,"bbox":[0,43,2006.892,1029.415],"area":2065925.818,"segmentation":[[377.354,1053.046,1776.492,970.831,1872.492,960.985,1886.277,953.108,1893.908,940.062,1904.246,900.185,2000.246,257.231,2007.138,176.985,2000,162.462,1928.615,155.569,106.585,46.277,0.246,43.323,0.246,1072.738,377.354,1053.046]],"iscrowd":0},{"id":30,"image_id":21,"category_id":1,"bbox":[858,7,1184.821,91.897],"area":108881.966,"segmentation":[[2043.077,6.564,858.256,8.205,2039.795,98.462,2043.077,6.564]],"iscrowd":0},{"id":31,"image_id":22,"category_id":1,"bbox":[168,278,1583.333,755],"area":1195416.641,"segmentation":[[168.333,298.333,1751.667,278.333,1723.333,1033.333,178.333,818.333]],"iscrowd":0},{"id":32,"image_id":22,"category_id":1,"bbox":[167,0,1445,93.333],"area":134866.618,"segmentation":[[170,0,1611.667,3.333,166.667,93.333]],"iscrowd":0},{"id":33,"image_id":23,"category_id":1,"bbox":[0,4,652.629,405.456],"area":264612.58,"segmentation":[[642.807,409,652.629,327.996,651.518,308.749,240.035,36.588,23.247,3.544,0,131.468,0,351.894,89.429,385.339,166.041,409,642.807,409]],"iscrowd":0},{"id":34,"image_id":24,"category_id":1,"bbox":[24,0,445.974,340.062],"area":151658.852,"segmentation":[[61.265,0,24.026,151.692,43.501,274.654,64.308,281.046,257.956,340.062,463.303,319.686,470,293.458,470,39.383,340.774,0,61.265,0]],"iscrowd":0},{"id":35,"image_id":25,"category_id":1,"bbox":[16,0,2032.128,910.571],"area":1850397.368,"segmentation":[[157.474,0,15.872,302.851,31.009,591.689,67.361,603.346,398.491,699.95,1196.207,910.571,1708.312,801.72,2048,224.437,2048,177.245,2000.016,152.295,1945.134,129.515,1630.712,0,157.474,0]],"iscrowd":0},{"id":36,"image_id":25,"category_id":1,"bbox":[1629,0,418.743,149.799],"area":62727.32,"segmentation":[[1629.257,0,1981.784,145.081,1995.109,149.799,2048,77.447,2048,63.338,1864.438,0,1629.257,0]],"iscrowd":0},{"id":37,"image_id":26,"category_id":1,"bbox":[0,0,1979.783,1152],"area":2280710.241,"segmentation":[[129.313,0,0,271.628,0,608.755,7.52,612.144,14.446,609.49,20.46,617.403,29.617,615.469,34.516,622.48,43.672,621.632,51.477,626.864,58.177,625.767,64.865,631.182,73.801,628.634,74.683,634.349,86.499,644.134,105.689,650.323,114.847,648.389,123.546,652.824,130.244,652.812,143.406,658.686,154.55,669.883,162.591,668.132,178.879,673.929,184.004,679.383,199.404,682.721,206.11,678.367,219.064,676.028,222.295,679.514,218.05,680.86,214.694,684.665,211.774,694.042,216.338,701.217,221.251,700.629,226.395,696.314,232.636,701.586,239.888,704.196,245.039,695.539,242.822,687.22,247.748,679.034,251.882,677.38,258.344,684.352,264.144,687.309,266.474,694.849,265.007,703.88,271.149,702.331,275.737,696.479,282.649,701.424,292.7,699.777,295.373,702.812,296.032,708.998,300.721,708.881,305.638,706.123,306.522,710.753,309.42,713.316,319.468,712.756,330.397,718.996,330.385,725.509,334.856,722.606,339.767,723.104,345.243,719.711,343.47,712.622,345.597,709.778,376.614,719.239,384.429,719.044,391.004,725.238,388.987,729.475,385.635,731.109,385.294,734.529,394.895,733.824,405.85,725.953,413.441,726.229,414.325,730.859,419.901,734.286,419.332,740.348,421.446,744.017,426.024,743.593,430.054,737.289,434.634,735.779,435.513,743.666,439.857,749.14,440.4,757.19,448.881,758.839,458.376,755.656,458.836,748.202,462.748,745.933,468.545,749.975,478.812,752.2,482.826,754.581,483.044,757.367,487.289,756.021,493.983,758.18,497.659,762.895,495.63,773.645,498.859,778.217,500.406,786.862,507.987,792.566,515.575,793.927,520.699,800.467,544.573,808.711,575.607,809.487,586.99,811.529,592.345,813.257,595.907,818.75,604.167,819.785,609.072,823.539,626.477,829.153,632.953,828.526,655.266,835.723,687.635,839.102,714.639,845.097,725.35,848.551,731.146,853.679,758.597,859.817,844.058,887.924,852.089,891.6,854.093,894.962,859.9,893.576,876.859,899.046,882.654,904.174,890.023,903.835,899.839,908.087,906.313,908.546,911.212,915.557,917.456,919.743,938.876,927.737,943.775,934.748,952.93,933.9,958.278,939.969,966.315,940.389,981.038,947.31,989.974,944.761,1000.24,946.986,1007.841,941.834,1013.636,946.962,1016.522,956.039,1026.562,959.82,1047.766,963.943,1079.914,965.623,1089.059,970.202,1096.204,970.334,1115.16,982.421,1123.199,981.756,1145.955,991.267,1151.761,990.968,1159.792,994.644,1167.606,994.449,1173.848,999.721,1180.104,997.394,1186.576,998.938,1218.034,1011.799,1222.931,1019.896,1230.294,1022.814,1238.331,1023.233,1242.786,1029.015,1259.296,1035.426,1277.823,1037.6,1288.528,1044.311,1301.694,1048.015,1306.597,1052.854,1315.077,1055.589,1324.459,1053.184,1337.841,1060.759,1345.654,1061.65,1355.246,1066.373,1366.633,1066.244,1378.236,1069.986,1382.695,1073.596,1391.402,1073.689,1395.857,1079.471,1408.795,1085.816,1455.873,1103.715,1462.103,1115.5,1472.599,1113.998,1476.382,1121.192,1484.639,1123.312,1490.212,1127.825,1498.472,1128.859,1519.891,1136.854,1524.471,1135.344,1528.949,1128.099,1532.635,1127.387,1530.268,1139.386,1532.432,1144.488,1534.899,1145.283,1541.759,1143.907,1547.554,1149.034,1563.628,1149.874,1568.643,1152,1580.282,1152,1582.727,1144.901,1589.76,1144.725,1595.336,1148.153,1594.874,1152,1722.453,1152,1923.907,728.526,1979.783,400.488,1918.253,376.851,1883.231,359.581,1812.955,329.855,1725.94,296.36,1707.427,286.587,1663.695,270.31,1657.451,266.124,1589.405,238.203,1526.485,214.652,1491.91,197.526,1452.641,182.689,1405.794,161.062,1270.365,108.15,1222.849,85.765,1157.698,61.494,1126.695,44.434,1103.492,34.778,1084.983,22.835,1024.136,0,129.313,0]],"iscrowd":0},{"id":38,"image_id":26,"category_id":1,"bbox":[0,742,1272.663,409.73],"area":521448.201,"segmentation":[[1272.663,1152,1132.788,1106.516,1126.99,1102.474,1115.607,1100.432,1097.984,1092.033,1089.281,1089.769,1081.464,1091.049,1063.613,1085.292,891.581,1024.919,849.181,1013.416,826.647,1004.519,819.28,1003.772,767.514,985.99,746.313,980.781,696.78,962.633,636.754,943.817,631.173,943.646,607.522,934.931,600.602,934.329,504.431,901.682,439.939,883.597,0,742.27,0,909.518,166.287,963.15,202.291,976.926,202.456,976.979,208.684,976.824,212.038,974.104,211.808,977.832,218.739,982.231,254.387,993.728,353.947,1024.218,369.26,1030.778,369.755,1030.938,422.449,1046.855,426.728,1049.313,438.815,1053.211,458.152,1058.37,494.076,1070.5,496.052,1071.672,527.027,1081.662,536.473,1084.174,544.306,1087.235,563.496,1093.424,566.598,1093.347,570.249,1095.602,606.792,1107.388,608.77,1107.492,610.892,1108.711,660.37,1124.669,667.457,1125.877,670.997,1128.096,693.26,1135.277,711.638,1140.126,747.133,1152,1272.663,1152]],"iscrowd":0},{"id":39,"image_id":27,"category_id":2,"bbox":[192,7,993.447,597.497],"area":593581.717,"segmentation":[[1067.917,604,1071.406,593.864,1185.062,231.535,1182.955,225.991,687.166,15.994,279.388,6.503,203.665,220.601,191.773,258.881,191.615,271.716,200.877,273.602,233.876,266.003,272.663,252.1,276.91,238.428,272.394,210.697,293.697,152.692,322.131,124.566,354.505,117.216,369.164,119.341,402.014,133.354,413.841,144.593,426.761,168.167,425.397,225.389,432.228,238.624,416.854,259.935,408.126,280.985,404.728,291.922,410.017,297.791,444.117,311.305,454.578,319.896,487.311,330.763,537.018,329.259,593.322,334.698,619.225,332.329,638.432,337.426,691.154,340.305,707.512,336.961,741.377,344.182,786.653,342.852,814.156,349.423,822.968,356.279,825.476,364.058,816.914,381.05,817.498,396.782,812.559,400.352,802.331,398.053,774.671,404.317,745.972,450.91,737.451,451.92,733.012,443.317,754.215,399.72,749.101,398.57,749.959,404.614,744.778,393.114,728.303,393.311,724.039,389.428,710.18,391.773,694.055,401.41,678.147,399.784,624.359,410.902,607.202,409.776,575.694,431.946,549.117,441.768,465.378,440.109,452.094,449.409,430.575,518.676,436.265,526.78,617.669,604,1067.917,604]],"iscrowd":0},{"id":40,"image_id":28,"category_id":1,"bbox":[149,36,318.333,277.778],"area":88425.924,"segmentation":[[151.111,35.556,467.222,36.111,461.667,313.333,186.111,300.556,190.556,252.222,200.556,245.556,191.667,235,195.556,223.333,188.889,209.444,193.889,193.889,220.556,201.667,259.444,197.778,280.556,183.889,297.222,176.111,293.333,166.667,307.222,161.111,296.667,150.556,268.333,158.889,213.889,166.667,183.333,140,178.333,127.222,182.222,113.889,175,86.667,169.444,77.222,148.889,73.889]],"iscrowd":0},{"id":41,"image_id":28,"category_id":1,"bbox":[1,31,96.316,272.105],"area":26208.04,"segmentation":[[97.368,34.211,93.158,302.632,3.158,303.158,1.053,31.053]],"iscrowd":0},{"id":42,"image_id":29,"category_id":1,"bbox":[0,14,460.554,345.752],"area":159237.573,"segmentation":[[302.207,360,453.203,318.516,460.554,192.294,459.547,188.694,413.631,26.507,222.338,14.248,0,75.332,0,239.42,34.913,360,302.207,360]],"iscrowd":0},{"id":43,"image_id":30,"category_id":2,"bbox":[26,0,573.699,398.792],"area":228786.263,"segmentation":[[522.242,0,26.301,127.939,78.81,394.42,84.348,398.792,262.294,356.724,600,262.696,600,77.359,580.675,0,522.242,0]],"iscrowd":0},{"id":44,"image_id":31,"category_id":2,"bbox":[0,64,595.021,385.919],"area":229629.647,"segmentation":[[566.769,450,595.021,296.059,46.579,64.081,0,258.111,0,326.488,165.21,399.927,289.497,450,566.769,450]],"iscrowd":0},{"id":45,"image_id":32,"category_id":1,"bbox":[162,290,1588.333,763.333],"area":1212427.699,"segmentation":[[166.667,298.333,1750,290,1715,1053.333,161.667,820]],"iscrowd":0},{"id":46,"image_id":33,"category_id":1,"bbox":[71,1,394.11,303.299],"area":119533.12,"segmentation":[[92.569,156.154,93.169,156.887,111.331,146.05,121.558,149.593,144.132,165.535,149.357,178.183,161.217,184.617,201.769,184.933,239.693,143.553,256.768,118.768,271.611,119.896,264.154,133.161,273.072,137.791,264.813,154.551,256.859,178.844,228.736,207.137,202.966,218.615,208.698,233.672,222.557,239.863,226.747,251.247,240.281,253.461,236.568,265.034,263.089,304.593,462.992,153.204,465.173,106.367,383.498,2.231,222.327,1.293,71.064,126.392,92.569,156.154]],"iscrowd":0},{"id":47,"image_id":33,"category_id":1,"bbox":[0,161,186.252,199.222],"area":37105.552,"segmentation":[[186.252,360,50.709,188.786,27.781,160.778,0,182.392,0,280.088,66.496,360,186.252,360]],"iscrowd":0},{"id":48,"image_id":34,"category_id":1,"bbox":[0,19,1920.246,1087.015],"area":2087337.112,"segmentation":[[184.862,1100.8,546.708,1082.585,1771.569,992.492,1788.8,989.046,1824,973.538,1835.323,915.938,1920,139.077,1920.492,112.985,1912.862,107.815,1840.492,98.954,1777.477,96,40.615,18.708,0.246,18.708,0.246,1105.723,184.862,1100.8]],"iscrowd":0},{"id":49,"image_id":34,"category_id":1,"bbox":[16,5,1839.59,93.538],"area":172072.394,"segmentation":[[1856,4.923,16.41,18.051,1834.667,98.462,1856,4.923]],"iscrowd":0},{"id":50,"image_id":35,"category_id":1,"bbox":[101,0,1717.407,1000.548],"area":1718349.082,"segmentation":[[950.07,0,100.898,823.198,253.921,1000.548,715.649,902.405,1815.499,53.412,1818.306,50.712,1778.78,0,950.07,0]],"iscrowd":0},{"id":51,"image_id":36,"category_id":1,"bbox":[16,0,1703.091,1051.524],"area":1790841.736,"segmentation":[[1299.753,0,15.86,611.334,122.062,1051.524,238.855,1041.306,1718.951,557.525,1616.297,0,1299.753,0]],"iscrowd":0},{"id":52,"image_id":37,"category_id":2,"bbox":[20,6,773.5,513],"area":396805.5,"segmentation":[[486,518.5,491.5,503,506.5,504,507.5,508,545.5,509,581.5,515,591.5,513,600.5,517,602.5,514,663.5,514,672.5,517,675.5,514,698.5,518,703.5,515,708.5,518,718.5,514,738.5,515,755,510.5,747,489.5,752.5,476,793,472.5,793,5.5,726.5,6,698.5,11,599.5,17,489.5,19,485.5,23,378.5,25,339.5,30,43.5,43,25.5,45,19.5,50,41,272.5,50,457.5,56,483.5,63.5,490,126.5,490,130.5,486,194.5,490,196.5,493,199.5,490,219.5,490,221.5,493,224.5,490,227.5,494,230.5,490,233.5,493,237.5,491,238.5,495,280.5,497,286.5,502,292.5,496,305.5,492,352.5,497,355.5,503,387.5,503,407.5,508,410.5,504,482.5,508]],"iscrowd":0},{"id":53,"image_id":38,"category_id":1,"bbox":[79,0,1731.122,1010.659],"area":1749575.023,"segmentation":[[1015.736,0,78.968,726.346,255.904,1010.659,580.065,947.649,1805.168,211.492,1810.09,207.681,1700.802,0,1015.736,0]],"iscrowd":0},{"id":54,"image_id":39,"category_id":1,"bbox":[163,292,1585,760],"area":1204600,"segmentation":[[163.333,295,1748.333,291.667,1718.333,1051.667,170,821.667]],"iscrowd":0},{"id":55,"image_id":40,"category_id":2,"bbox":[16,98,573,287],"area":164451,"segmentation":[[17,109.5,16,379.5,20.5,385,200.5,385,589,369.5,576.5,98]],"iscrowd":0},{"id":56,"image_id":41,"category_id":1,"bbox":[0,54,1896.642,1085.726],"area":2059233.928,"segmentation":[[0,1139.568,111.849,1136.594,475.356,1118.367,1707.167,1028.22,1724.597,1024.772,1760.599,1009.255,1774.637,951.62,1895.239,177.674,1896.642,147.592,1890.072,143.004,1817.954,134.137,1754.936,131.181,17.792,53.842,0,53.842,0,1139.568]],"iscrowd":0},{"id":57,"image_id":41,"category_id":1,"bbox":[0,45,1831.256,88.935],"area":162862.966,"segmentation":[[0,53.956,1797.164,133.468,1812.132,133.468,1831.256,63.949,1275.241,44.532,0,53.615,0,53.956]],"iscrowd":0},{"id":58,"image_id":42,"category_id":2,"bbox":[403,0,859,697],"area":598723,"segmentation":[[1185,696.5,1253.5,696,1261,692.5,1262,685.5,1258,527.5,1253.5,518,1241.5,519,1235,510.5,1217,433.5,1218.5,421,1252.5,408,1257,400.5,1257,300.5,1250.5,287,1180,290.5,1175,265.5,1171,197.5,1175.5,193,1238.5,186,1254,180.5,1253,75.5,1247.5,1,930.5,0,822.5,13,798.5,12,791.5,0,411,2.5,405,94.5,403,343.5,409.5,350,417.5,350,487.5,342,499.5,336,533.5,306,572.5,294,604.5,290,629.5,299,661,327.5,673,354.5,696,370.5,691,429.5,702,452.5,704,475.5,691,484.5,685,513.5,700,523.5,708.5,546,756.5,536,766.5,526,836.5,504,864,488.5,863,471.5,857,461.5,861,454.5,857,427.5,835,354.5,837,339.5,798,257.5,798,223.5,810.5,216,820.5,203,828.5,203,835.5,213,844.5,208,852,214.5,858,229.5,861.5,229,866,220.5,862,189.5,865.5,164,990.5,161,996,232.5,1033.5,234,1044,241.5,1047,324.5,1031.5,330,911.5,334,909,266.5,904.5,261,883,265.5,888,314.5,909,363.5,916,369.5,916,380.5,928,400.5,948,450.5,953,481.5,960,497.5,953,512.5,953,519.5,962,526.5,960,543.5,963.5,547,970,544.5,971.5,531,974,541.5,972,550.5,965.5,553,956.5,551,949.5,543,941,549.5,937,564.5,925,572.5,914,596.5,903,602.5,897,621.5,873,633.5,865,655.5,845,668.5,833,693.5,911.5,695,911,649.5,918.5,641,978.5,633,1036.5,631,1044,633.5,1046,678.5,1052,685.5,1049,692.5,1056,692.5,1058,662.5,1062.5,656,1069.5,656,1075,671.5,1068,693.5,1077.5,697,1080,618.5,1088.5,614,1107.5,614,1169,620.5,1170,691.5,1174.5,696]],"iscrowd":0},{"id":59,"image_id":43,"category_id":1,"bbox":[1,0,678.5,408],"area":276828,"segmentation":[[0.5,0,1.5,386,132.5,398,396.5,406,674.5,408,679,404.5,666,189.5,661.5,171,179.5,4]],"iscrowd":0},{"id":60,"image_id":44,"category_id":2,"bbox":[171,1,853,450.5],"area":384276.5,"segmentation":[[947,451.5,1024,447.5,1023.5,1,171,1.5,172.5,387,200,321.5,220.5,297,250.5,280,278.5,272,315.5,247,337,224.5,336,217.5,325,206.5,325,180.5,329,169.5,324,148.5,344,106.5,371.5,80,395.5,71,431.5,70,448.5,72,466.5,80,488,97.5,495,108.5,496,125.5,508,147.5,508,173.5,499,193.5,501,200.5,496,213.5,487,217.5,489,221.5,481,235.5,477,261.5,464,293.5,463,305.5,480,325.5,497,390.5,512,420.5,514.5,441,678.5,448]],"iscrowd":0},{"id":61,"image_id":45,"category_id":1,"bbox":[256,9,203.333,350],"area":71166.655,"segmentation":[[256.111,10,259.444,358.889,459.444,358.889,457.222,8.889]],"iscrowd":0},{"id":62,"image_id":46,"category_id":2,"bbox":[0,2,848.5,420.5],"area":356794.25,"segmentation":[[631,422.5,633.5,419,643.5,421,650.5,417,848,418.5,848.5,2,19.5,2,11,5.5,16,124.5,11,141.5,4,143.5,10.5,148,15,146.5,11,157.5,17,159.5,18,168.5,20,244.5,17,247.5,22,258.5,20.5,266,13.5,262,9,267.5,11,277.5,6,277.5,16,287.5,9,293.5,10,310.5,3.5,311,6,306.5,2.5,306,0,317.5,10.5,317,13,320.5,12,359.5,15,367.5,12,370.5,17.5,375,17,337.5,21,315.5,27,384.5,20.5,388,19,380.5,14.5,379,11,386.5,13,397.5,8,400.5,11,403.5,0.5,400,1.5,409,24.5,409,26,400.5,20.5,401,19,396.5,24.5,390,28,408.5,37.5,413,433.5,413,486.5,417,625.5,417]],"iscrowd":0},{"id":63,"image_id":47,"category_id":1,"bbox":[20,0,2028.235,1105.054],"area":2241309.507,"segmentation":[[2048,0,548.184,0,108.457,63.507,19.765,79.275,144.937,581.31,294.701,1105.054,662.704,1008.135,2025.46,639.453,2048,632.256,2048,0]],"iscrowd":0},{"id":64,"image_id":48,"category_id":1,"bbox":[94,23,1954.056,1129.14],"area":2206402.161,"segmentation":[[2048,1152,2048,726.218,1997.441,696.424,1897.742,640.426,1875.673,625.808,1825.747,598.234,1818.016,592.394,1739.491,546.838,1667.616,507.03,1626.766,480.88,1581.863,455.893,1527.024,422.073,1371.601,334.121,1315.834,299.359,1241.447,258.257,1204.266,233.067,1177.447,217.395,1154.68,200.56,1077.677,157.856,156.064,22.86,93.944,367.665,121.734,476.424,137.05,480.327,166.337,494.483,183.373,500.472,182.905,496.979,176.545,491.149,175.923,488.507,179.456,488.701,186.259,493.598,188.763,502.551,194.195,507.439,199.311,507.985,199.847,505.01,197.932,501.933,191.98,498.403,191.282,496.186,204.113,504.188,205.347,503.43,214.465,507.663,215.955,510.056,208.753,508.9,205.918,510.923,210.193,516.144,218.536,518.584,225.262,523.906,235.113,527.122,245.006,533.147,251.221,532.168,259.923,541.759,268.649,542.074,275.92,550.464,284.996,551.887,294.659,559.187,301.147,559.742,309.729,566.949,318.03,566.58,320.78,572.642,336.012,585.596,357.612,596.722,366.338,597.037,376.657,603.745,383.494,605.409,398.836,614.705,413.839,628.935,421.484,629.157,439.993,639.155,446.992,646.011,463.798,653.275,469.238,650.504,481.71,651.355,486.138,655.725,482.239,656.039,480.043,659.088,480.095,667.939,487.077,676.412,491.904,677.04,495.76,673.918,503.84,680.866,512.09,685.348,514.55,677.791,509.594,668.736,511.977,661.604,515.663,660.948,524.518,669.689,531.397,674.161,536.217,682.449,537.64,691.31,543.412,691.264,546.204,686.432,554.863,693.214,564.594,694.047,568.306,697.817,570.98,704.303,575.73,705.356,579.859,703.768,582.261,708.72,586.05,712.065,596.13,714.006,609.309,723.117,611.405,729.769,615.031,727.922,620.207,729.659,624.702,727.562,620.598,719.875,621.849,717.501,656.586,734.929,664.504,736.685,673.222,744.659,672.533,748.484,669.639,749.315,670.397,752.725,679.975,754.407,688.615,749.104,696.456,751.285,698.858,756.238,705.66,761.135,707.04,767.187,710.387,771.465,714.924,772.177,717.001,766.744,721.189,766.347,724.638,774.626,730.846,781.306,734.005,789.668,743.2,793.476,751.866,792.599,749.924,785.096,753.185,783.757,760.414,789.338,771.618,794.18,776.488,797.618,777.612,800.519,781.511,800.205,789.046,804.086,794.325,809.824,795.731,820.301,800.508,825.781,804.885,835.002,814.472,842.726,822.662,846.016,830.01,853.981,857.059,868.378,889.002,876.936,901.288,881.871,907.316,884.976,912.731,891.481,921.5,894.604,927.724,899.668,947.315,909.759,953.725,910.739,978.842,923.676,1012.99,935.227,1042.508,948.109,1054.564,954.319,1062.141,961.009,1092.161,974.15,1188.531,1024.253,1197.922,1030.019,1201.055,1033.955,1206.538,1033.992,1225.626,1043.824,1233.204,1050.514,1240.619,1052.012,1252.019,1058.813,1258.779,1060.901,1266.051,1069.291,1273.782,1075.131,1298.242,1088.659,1305.514,1097.049,1314.589,1098.473,1322.014,1106.012,1330.357,1108.452,1347.632,1119.208,1355.933,1118.839,1367.137,1123.681,1373.232,1120.319,1380.81,1127.009,1386.694,1137.006,1398.171,1143.382,1418.984,1152,2048,1152]],"iscrowd":0},{"id":65,"image_id":48,"category_id":1,"bbox":[153,599,1078.128,552.698],"area":595878.997,"segmentation":[[1231.259,1152,1208.472,1139.037,1200.708,1136.431,1142.089,1105.308,1118.753,1094.681,1062.297,1063.743,994.909,1029.497,989.153,1027.926,962.181,1013.104,954.919,1010.757,846.145,953.335,774.432,918.719,153.132,599.302,195.18,763.864,520.709,931.54,561.934,954.625,562.12,954.721,568.43,956.12,570.975,954.18,571.946,957.931,580.447,964.161,620.572,984.828,732.11,1040.894,749.871,1051.429,750.428,1051.716,809.391,1081.165,814.556,1084.747,828.16,1091.754,849.577,1101.864,890.189,1123.247,892.586,1124.939,927.45,1142.897,937.909,1147.828,945.282,1152,1231.259,1152]],"iscrowd":0},{"id":66,"image_id":49,"category_id":2,"bbox":[0,12,489.561,360.549],"area":176510.549,"segmentation":[[450.497,373,482.923,318.236,489.561,230.63,205.546,43.69,58.58,12.451,0,120.895,0,294.056,123.277,373,450.497,373]],"iscrowd":0},{"id":67,"image_id":50,"category_id":2,"bbox":[314,0,658.941,565.441],"area":372592.465,"segmentation":[[650.08,0,637.001,17.194,617.888,36.717,604.839,35.365,313.532,355.928,367.64,416.325,522.542,565.441,538.814,561.284,540.356,559.604,589.134,496.093,594.542,482.42,601.564,435.856,623.926,395.932,646.006,366.692,670.995,351.145,713.436,341.883,739.908,348.069,767.827,338.412,801.639,378.111,824.788,382.728,841.01,394.893,836.747,411.21,850.64,433.693,868.57,427.133,889.476,433.546,920.042,387.279,921.357,372.876,961.198,300.939,972.473,268.552,960.852,259.16,949.85,258.173,948.461,250.606,928.147,237.712,864.613,212.228,856.578,201.524,774.213,184.879,752.51,164.417,757.345,149.422,756.744,133.214,762.903,126.505,774.674,126.654,778.411,116.098,788.333,113.721,802.527,117.717,804.902,114.481,802.94,105.592,780.073,90.29,766.49,72.01,830.183,0,650.08,0]],"iscrowd":0},{"id":68,"image_id":50,"category_id":2,"bbox":[845,0,563.546,417.916],"area":235514.564,"segmentation":[[989.533,0,1008.658,16.407,1000.237,32.714,910.416,135.744,865.404,97.219,858.429,97.682,844.751,118.418,879.879,143.714,927.322,155.593,936.541,153.334,943.562,159.954,965.566,161.928,1012.879,175.248,1036.516,189.711,1052.118,193.47,1056.304,208.367,1060.772,212.579,1072.169,209.245,1081.481,221.153,1086.409,220.324,1089.817,213.369,1082.354,203.987,1090.981,208.21,1095.187,215.303,1091.779,222.258,1083.574,228.601,1073.079,229.656,1070.685,240.696,1077.181,253.077,1073.05,267.953,1079.902,291.62,1075.265,304.455,1082.774,320.92,1071.959,348.267,1079.844,368.214,1072.747,392.808,1079.468,417.916,1140.853,352.994,1111.424,326.031,1111.772,314.627,1152.852,259.501,1196.223,209.663,1203.592,204.879,1233.857,230.283,1242.944,229.464,1245.103,236.193,1250.491,230.323,1232.881,210.592,1232.196,202.907,1237.584,197.037,1251.712,201.753,1260.367,220.862,1269.914,215.003,1221.73,165.665,1225.4,155.829,1240.026,139.897,1291.517,92.24,1337.608,134.129,1343.945,133.064,1352.347,124.56,1404.758,66.821,1408.297,58.425,1404.599,53.374,1344.123,0,989.533,0]],"iscrowd":0},{"id":69,"image_id":51,"category_id":1,"bbox":[111,233,1936.764,919.05],"area":1779982.968,"segmentation":[[2048,614.224,1891.736,344.924,1277.616,232.95,384.74,476.984,111.236,554.999,153.372,765.235,414.006,1152,1860.216,1152,2048,1113.861,2048,614.224]],"iscrowd":0},{"id":70,"image_id":51,"category_id":1,"bbox":[77,166,1001.082,291.871],"area":292186.561,"segmentation":[[91.735,457.705,1078.285,196.606,909.517,165.834,77.203,385.198,91.735,457.705]],"iscrowd":0},{"id":71,"image_id":52,"category_id":2,"bbox":[1,32,491,339],"area":166449,"segmentation":[[0.5,32,2,255.5,9.5,367,18.5,371,482,364.5,491.5,32]],"iscrowd":0},{"id":72,"image_id":53,"category_id":2,"bbox":[4,10,845.69,422.967],"area":357699.019,"segmentation":[[850,255.71,449.66,71.219,63.344,10.033,61.151,18.903,51.743,32.154,44.461,30.867,49.506,37.847,54.245,38.479,47.422,46.714,52.66,51.197,51.192,59.831,32.59,129.878,28.89,131.277,30.734,143.506,27.264,149.665,21.603,142.918,15.783,145.926,15.008,155.914,10.192,153.695,17.122,167.233,8.76,169.586,5.131,185.5,4.31,185.188,4.505,193.539,5.319,195.931,4.611,198.092,4.946,212.495,14.375,194.932,5.579,239.702,6.803,292.304,312.109,433,848.879,433,850,429.223,850,255.71]],"iscrowd":0},{"id":73,"image_id":54,"category_id":1,"bbox":[90,519,1806.4,629.6],"area":1137309.44,"segmentation":[[866.4,1145.6,897.867,1148.267,1017.867,1147.733,1050.933,1142.4,1061.067,1146.667,1142.133,1146.667,1179.467,1144,1189.6,1138.133,1195.467,1137.067,1203.467,1139.2,1214.133,1137.6,1221.067,1140.8,1225.867,1139.2,1262.133,1139.733,1284,1142.4,1337.333,1143.467,1403.467,1141.333,1421.067,1138.133,1465.333,1139.733,1559.733,1136.533,1582.133,1132.267,1667.467,1130.133,1745.867,1132.267,1751.2,1133.867,1759.2,1126.933,1767.2,1132.8,1800.267,1132.8,1863.2,1126.933,1887.733,1122.133,1892.267,1115.467,1893.867,1101.6,1896,890.4,1888,606.133,1885.867,602.4,1883.733,569.867,1881.6,564.533,1879.2,561.6,1868.533,558.933,1783.733,555.2,1673.333,556.267,1663.2,553.067,1652,552.533,1637.6,553.067,1630.667,557.333,1619.467,558.4,1574.667,556.267,1567.2,553.067,1552.8,551.467,1505.333,551.467,1489.333,549.333,1397.067,550.4,1390.667,547.2,1382.133,549.333,1293.067,548.8,1022.667,539.2,899.467,538.667,685.067,532.8,497.867,530.667,192.8,518.933,136.267,518.933,126.133,520.533,117.867,532,112,575.733,107.733,663.733,101.867,714.933,95.467,810.933,92.267,872.267,92.8,939.467,89.6,1056.8,89.6,1136.8,91.733,1144.267,95.733,1147.2,107.467,1148.267,351.733,1146.667,361.867,1148.267,564.267,1148.533,824.8,1148.267,866.4,1145.6]],"iscrowd":0},{"id":74,"image_id":54,"category_id":1,"bbox":[173,0,1653.867,549.333],"area":908524.089,"segmentation":[[176.8,509.333,186.4,513.6,217.333,515.733,1748.533,549.333,1823.2,548.267,1826.667,544.267,1827.2,521.867,1820.8,425.867,1804.8,216.267,1790.933,71.2,1782.133,59.733,1777.333,58.133,1511.111,39.111,1292.444,28.444,797.6,0,237.067,1.067,229.333,8.267,218.667,70.667,189.333,312.8,174.4,489.333,173.333,505.867,176.8,509.333]],"iscrowd":0},{"id":75,"image_id":55,"category_id":2,"bbox":[72,17,721.486,527.423],"area":380528.111,"segmentation":[[793,135.476,683.634,35.828,316.306,16.577,296.972,39.004,298.011,44.647,237.395,115.054,218.897,143.993,71.514,327.081,86.181,394.16,249.261,522.149,275.105,544,573.823,544,577.715,540.203,585.418,540.176,583.86,531.712,588.061,520.276,619.636,493.859,626.434,496.53,645.066,475.933,660.92,466.895,659.299,461.895,704.588,418.62,714.948,424.145,715.148,423.924,705.619,408.991,715.194,400.103,719.144,402.528,742.111,378.835,768.123,360.266,772.261,352.295,780.869,349.57,779.508,345.982,793,331.066,793,135.476]],"iscrowd":0},{"id":76,"image_id":56,"category_id":1,"bbox":[0,40,2048,1112.188],"area":2277761.135,"segmentation":[[2048,1029.561,775.881,179.126,172.444,39.812,49.353,376.296,0,549.557,0,589.788,1.692,592.774,34.267,623.959,97.527,673.196,750.449,1152,2048,1152,2048,1029.561]],"iscrowd":0},{"id":77,"image_id":56,"category_id":1,"bbox":[982,227,1066.293,720.917],"area":768709.392,"segmentation":[[2048,876.04,1144.32,264.187,981.707,226.645,2048,947.562,2048,876.04]],"iscrowd":0},{"id":78,"image_id":57,"category_id":1,"bbox":[111,294,1936.609,858.481],"area":1662541.555,"segmentation":[[2048,1152,2048,751.676,1917.642,430.987,1305.99,293.519,167.124,383.419,136.574,386.515,115.597,392.446,111.391,398.785,113.177,410.083,125.814,442.323,381.74,999.419,453.111,1152,2048,1152]],"iscrowd":0},{"id":79,"image_id":57,"category_id":1,"bbox":[160,216,1130.234,152.403],"area":172251.563,"segmentation":[[201.071,368.057,1290.506,290.039,959.534,215.654,160.272,283.031,201.071,368.057]],"iscrowd":0},{"id":80,"image_id":58,"category_id":1,"bbox":[92,24,378.279,335.659],"area":126972.863,"segmentation":[[470,360,470,166.45,126.933,26.21,117.882,24.341,91.721,274.894,101.232,285.747,106.957,293.448,104.602,301.078,238.735,360,470,360]],"iscrowd":0},{"id":81,"image_id":59,"category_id":2,"bbox":[37,0,813.272,359.493],"area":292365.488,"segmentation":[[850,0,40.363,0,47.612,64.118,43.725,81.286,36.728,83.305,43.678,87.849,48.161,86.335,44.866,97.443,51.127,99.462,52.789,108.551,60.249,185.298,57.403,188.327,63.287,199.435,62.292,207.009,54.868,202.97,50.671,208.524,53.424,218.622,48.324,218.622,59.236,228.72,52.525,234.779,54.757,251.946,53.572,252.037,54.956,258.547,55.731,258.51,58.53,262.045,59.284,278.909,66.749,314.031,63.821,279.212,66.332,256.996,77.372,326.674,70.992,330.208,68.928,322.634,68.552,322.513,71.598,336.841,75.214,332.228,80.103,350.909,90.113,355.454,493.973,355.454,548.311,359.493,615.066,359.493,850,326.475,850,0]],"iscrowd":0},{"id":82,"image_id":60,"category_id":1,"bbox":[22,0,1194,684],"area":816696,"segmentation":[[25,4.5,22,29.5,36,663.5,41.5,678,50.5,682,451.5,684,1015.5,680,1216,621.5,1215.5,167,639.5,3,29.5,0]],"iscrowd":0},{"id":83,"image_id":61,"category_id":1,"bbox":[228,0,1692.389,997.882],"area":1688804.165,"segmentation":[[344.499,0,227.611,377.751,1261.953,997.882,1795.425,954.335,1920,622.037,1920,567.019,613.034,0,344.499,0]],"iscrowd":0},{"id":84,"image_id":62,"category_id":1,"bbox":[34,447,1838.087,630.87],"area":1159594.221,"segmentation":[[1856.859,790.799,1871.986,534.335,1870.186,530.592,1870.897,497.979,1869.236,492.633,1867.101,489.692,1856.705,487.019,1772.541,483.277,1662.451,484.346,1652.634,481.138,1641.521,480.604,1627.127,481.138,1619.847,485.415,1608.595,486.485,1564.145,484.346,1556.984,481.138,1542.776,479.534,1495.483,479.534,1479.728,477.396,1387.705,478.465,1381.607,475.257,1372.919,477.396,1284.224,476.861,1015.649,467.238,892.946,466.703,679.841,460.822,493.51,458.684,190.581,446.922,134.254,446.922,124.019,448.526,114.783,460.02,105.125,503.86,93.203,592.075,82.895,643.4,68.15,739.635,59.615,801.118,54.289,868.482,40.873,986.102,33.899,1066.297,35.374,1073.782,39.104,1076.722,50.701,1077.792,294.215,1076.188,304.172,1077.792,765.414,1077.792,807.094,1075.119,838.213,1077.792,957.822,1077.257,991.232,1071.911,1000.957,1076.188,1064.057,1076.188,1121.592,1072.165,1129.764,1067.634,1135.702,1066.564,1143.487,1068.703,1154.254,1067.099,1159.277,1069.529,1164.36,1069.174,1165.805,1068.703,1170.171,1068.768,1835.493,1022.244,1847.477,898.689,1856.859,790.799]],"iscrowd":0},{"id":85,"image_id":62,"category_id":1,"bbox":[173,0,1650.75,477.329],"area":787950.948,"segmentation":[[255.44,0,205.523,240.719,175.256,417.684,172.752,434.257,175.904,437.733,185.097,442.01,215.731,444.148,1715.749,477.329,1773.323,477.329,1812.895,476.761,1816.697,472.751,1817.008,469.944,1819.326,443.279,1821.173,354.062,1823.502,143.95,1822.343,0,255.44,0]],"iscrowd":0},{"id":86,"image_id":63,"category_id":1,"bbox":[40,2,1175.734,681.604],"area":801385.512,"segmentation":[[1216,684,1216,508.499,892.478,130.604,739.534,12.909,137.243,2.396,40.266,153.849,62.871,240.218,387.338,489.934,644.342,684,1216,684]],"iscrowd":0},{"id":87,"image_id":64,"category_id":2,"bbox":[113,34,1017.088,569.935],"area":579674.11,"segmentation":[[785.229,604,1129.617,499.709,1130.379,482.631,1079.171,307.505,999.527,58.216,584.874,34.065,113.291,177.911,222.723,562.899,235.709,603.203,236.231,604,254.917,604,271.004,581.492,291.859,544.134,287.221,529.739,268.071,509.197,250.828,445.96,255.898,403.364,275.729,375.791,287.815,367.931,320.171,358.163,335.349,359.898,358.366,371.377,389.956,420.806,402.564,427.529,403.3,455.737,408.817,479.342,412.528,490.858,419.795,492.349,452.794,481.334,465.45,481.725,495.926,469.366,531.947,435.326,576.819,402.827,594.686,383.744,611.84,375.407,652.595,343.097,662.826,329.479,692.066,313.281,724.899,282.31,749.047,269.755,759.491,269.761,765.783,274.706,769.112,294.76,778.508,307.718,776.878,314.001,767.98,318.793,751.028,342.338,756.281,400.77,750.536,407.243,742.34,402.873,733.232,351.922,728.783,354.318,732.863,358.877,722.467,352.539,710.357,363.566,704.98,363.083,696.034,374.208,689.562,393.009,676.833,402.116,643.262,446.999,629.891,457.353,619.147,496.924,605.025,522.772,541.953,576.561,537.396,593.205,540.874,604,785.229,604]],"iscrowd":0},{"id":88,"image_id":65,"category_id":2,"bbox":[74,76,945.221,435.645],"area":411780.795,"segmentation":[[605.967,512,741.729,451.293,955.18,347.291,975.554,336.996,1017.064,312.9,1019.041,275.184,957.585,168.848,433.03,76.355,73.82,258.172,221.359,512,272.223,512,272.662,508.875,289.118,480.356,308.65,460.978,326.805,422.092,333.123,392.159,328.56,386.146,313.381,380.744,299.585,356.816,297.144,344.977,281.755,327.796,276.452,280.561,285.743,244.372,301.348,225.79,331.389,209.421,346.887,203.966,366.418,203.604,393.962,210.483,405.744,217.602,415.614,232.818,437.479,247.915,451.276,271.842,454.246,294.11,459.659,299.694,462.311,313.803,456.791,321.347,460.612,324.17,461.247,340.487,471.647,366.131,477.588,401.159,483.107,412.631,508.156,423.742,557.085,476.265,585.742,497.437,596.383,512,605.967,512]],"iscrowd":0},{"id":89,"image_id":66,"category_id":1,"bbox":[247,31,218.744,328.658],"area":71891.94,"segmentation":[[447.877,360,452.303,291.158,465.916,55.98,265.132,31.342,247.172,360,447.877,360]],"iscrowd":0},{"id":90,"image_id":67,"category_id":1,"bbox":[165,290,1586.667,765],"area":1213800.025,"segmentation":[[166.667,293.333,1751.667,290,1713.333,1055,165,818.333]],"iscrowd":0},{"id":91,"image_id":68,"category_id":2,"bbox":[182,21,842.147,490.667],"area":413213.914,"segmentation":[[1024,512,1024,388.972,600.9,45.533,281.525,21.333,181.853,156.527,240.716,127.673,271.385,123.91,306.027,132.155,334.087,145.589,379.002,152.816,409.432,151.2,412.386,145.406,409.043,129.811,423.163,110.845,432.524,105.574,439.694,86.815,479.442,69.941,517.126,69.537,542.341,79.488,573.376,103.534,586.689,116.693,597.59,134.916,606.297,162.478,606.252,175.32,597.867,188.409,596.084,212.716,581.964,231.681,563.48,240.077,561.372,246.559,550.078,252.601,540.282,249.325,539.804,253.62,525.425,258.326,507.918,274.539,479.529,288.935,472.165,297.001,475.702,323.289,454.802,382.404,451.215,414.611,442.2,431.285,534.637,512,1024,512]],"iscrowd":0},{"id":92,"image_id":69,"category_id":1,"bbox":[0,0,676.505,389.461],"area":263472.506,"segmentation":[[337.2,0,84.193,86.158,0,138.899,0,389.461,307.804,324.036,401.686,265.937,671.347,93.096,676.505,70.145,647.375,0,337.2,0]],"iscrowd":0},{"id":93,"image_id":70,"category_id":1,"bbox":[235,55,1684.763,760.711],"area":1281617.503,"segmentation":[[1920,594.838,1840.643,58.267,1839.937,54.654,235.237,224.234,341.57,742.268,1920,815.365,1920,594.838]],"iscrowd":0},{"id":94,"image_id":71,"category_id":2,"bbox":[41,41,752.362,502.637],"area":378165.458,"segmentation":[[793,215.981,701.789,77.892,372.669,41.363,365.123,44.899,364.388,50.085,279.443,89.964,251.138,108.519,40.638,215.757,58.174,308.861,161.486,442.804,233.869,544,550.404,544,551.995,543.534,552.62,544,567.483,544,583.919,536.754,603.138,534.359,603.067,529.529,663.55,507.727,672.453,515.957,672.73,515.835,667.69,499.824,680.395,495.439,683.687,498.85,714.918,486.297,747.647,479.162,754.458,473.728,764.195,474.298,763.94,470.764,793,457.953,793,215.981]],"iscrowd":0}]}