{"info":{"year":"2023","version":"6","description":"Exported from roboflow.com","contributor":"","url":"https://public.roboflow.com/object-detection/undefined","date_created":"2023-08-14T20:41:34+00:00"},"licenses":[{"id":1,"url":"https://creativecommons.org/licenses/by/4.0/","name":"CC BY 4.0"}],"categories":[{"id":0,"name":"sghug","supercategory":"none"},{"id":1,"name":"sghug","supercategory":"sghug"},{"id":2,"name":"w","supercategory":"sghug"}],"images":[{"id":0,"license":1,"file_name":"Example-of-visualisation-on-whiteboard-This-visualisation-shows-the-design-of-the_png.rf.30f72cef0bb93b6104b6b7396b70fd95.jpg","height":640,"width":640,"date_captured":"2023-08-14T20:41:34+00:00"},{"id":1,"license":1,"file_name":"Screenshot_20230720_214513_png.rf.013f61874c45d4426534186a2a2cba51.jpg","height":640,"width":640,"date_captured":"2023-08-14T20:41:34+00:00"},{"id":2,"license":1,"file_name":"whiteboard_jpg.rf.214a41bb26f04cdac8a4d3b1501eeaa8.jpg","height":640,"width":640,"date_captured":"2023-08-14T20:41:34+00:00"},{"id":3,"license":1,"file_name":"falling_mp4-5_jpg.rf.09ca2a8638318d01c2b60d4c412ee552.jpg","height":640,"width":640,"date_captured":"2023-08-14T20:41:34+00:00"},{"id":4,"license":1,"file_name":"foto6-formule-op-schoolbordOM_jpg.rf.203357a9fbe1fba12b0a5ac2c9b9eea6.jpg","height":640,"width":640,"date_captured":"2023-08-14T20:41:34+00:00"},{"id":5,"license":1,"file_name":"15525772766_3abe50a63a_jpg.rf.27a169a78b8d38bc783fa79fb69d112b.jpg","height":640,"width":640,"date_captured":"2023-08-14T20:41:34+00:00"},{"id":6,"license":1,"file_name":"Tracking_MPC_4_jpg.rf.1d0fc5d295eb8bc64e023f7fcddac421.jpg","height":640,"width":640,"date_captured":"2023-08-14T20:41:34+00:00"},{"id":7,"license":1,"file_name":"ryerson2_png.rf.06619a9382ed59911168dd5a228aaab6.jpg","height":640,"width":640,"date_captured":"2023-08-14T20:41:34+00:00"},{"id":8,"license":1,"file_name":"Tracking_MPC_2_jpg.rf.0fd15588978f61b96a77cae6ef566053.jpg","height":640,"width":640,"date_captured":"2023-08-14T20:41:34+00:00"},{"id":9,"license":1,"file_name":"Richard-Feynman-The_Character_of_Physical_Law-Part-2-full-version-kd0xTfdt6qw-_mp4-4_jpg.rf.3c7280ed1cc7f1d54e1c2e78b43b1474.jpg","height":640,"width":640,"date_captured":"2023-08-14T20:41:34+00:00"},{"id":10,"license":1,"file_name":"Tracking_MPC_5_jpg.rf.1388cabbe0fbd6b4678b49ee28061453.jpg","height":640,"width":640,"date_captured":"2023-08-14T20:41:34+00:00"},{"id":11,"license":1,"file_name":"Richard-Feynman-The_Character_of_Physical_Law-Part-2-full-version-kd0xTfdt6qw-_mp4-0_jpg.rf.1a23679680b9140cf0b1ef18dde673cc.jpg","height":640,"width":640,"date_captured":"2023-08-14T20:41:34+00:00"},{"id":12,"license":1,"file_name":"falling_mp4-5_jpg.rf.2949c4236c7988f248df22e4b91aaaa1.jpg","height":640,"width":640,"date_captured":"2023-08-14T20:41:34+00:00"},{"id":13,"license":1,"file_name":"Richard-Feynman-The_Character_of_Physical_Law-Part-2-full-version-kd0xTfdt6qw-_mp4-6_jpg.rf.0695ac96837b3af9dd6ef35ee764c765.jpg","height":640,"width":640,"date_captured":"2023-08-14T20:41:34+00:00"},{"id":14,"license":1,"file_name":"image_jpg.rf.1a7f536487655ce375381b4524d2ed4a.jpg","height":640,"width":640,"date_captured":"2023-08-14T20:41:34+00:00"},{"id":15,"license":1,"file_name":"foto6-formule-op-schoolbordOM_jpg.rf.282c22114780ba284af994f348bd717b.jpg","height":640,"width":640,"date_captured":"2023-08-14T20:41:34+00:00"},{"id":16,"license":1,"file_name":"20180910_132754_5b97bea52a6b222e6113ea32_jpg.rf.2c9a9cb02270f64fe388dc8b500182b7.jpg","height":640,"width":640,"date_captured":"2023-08-14T20:41:34+00:00"},{"id":17,"license":1,"file_name":"falling_mp4-0_jpg.rf.398b424a9d961fd9ce2d19fe023f63ed.jpg","height":640,"width":640,"date_captured":"2023-08-14T20:41:34+00:00"},{"id":18,"license":1,"file_name":"falling_mp4-0_jpg.rf.5b5b1fbc098ff5d2947510980dd61504.jpg","height":640,"width":640,"date_captured":"2023-08-14T20:41:34+00:00"},{"id":19,"license":1,"file_name":"Richard-Feynman-The_Character_of_Physical_Law-Part-2-full-version-kd0xTfdt6qw-_mp4-0_jpg.rf.35c8ad16ecbe8b6c904d82a8eaf4b341.jpg","height":640,"width":640,"date_captured":"2023-08-14T20:41:34+00:00"},{"id":20,"license":1,"file_name":"Tracking_MPC_1_jpg.rf.6633b960565dac3e8ad156ccbed8add4.jpg","height":640,"width":640,"date_captured":"2023-08-14T20:41:34+00:00"},{"id":21,"license":1,"file_name":"falling_mp4-1_jpg.rf.537b4a3258eb56e8d4c49ec24725ee55.jpg","height":640,"width":640,"date_captured":"2023-08-14T20:41:34+00:00"},{"id":22,"license":1,"file_name":"MPC_1_jpg.rf.5e4cf372bad80e274aea942ae5ab88fd.jpg","height":640,"width":640,"date_captured":"2023-08-14T20:41:34+00:00"},{"id":23,"license":1,"file_name":"falling_mp4-1_jpg.rf.2dea44f666dcc2f53b59bf6052f0493b.jpg","height":640,"width":640,"date_captured":"2023-08-14T20:41:34+00:00"},{"id":24,"license":1,"file_name":"Tracking_MPC_3_jpg.rf.5eb4a4278ece7276cdb04d7a7662455e.jpg","height":640,"width":640,"date_captured":"2023-08-14T20:41:34+00:00"},{"id":25,"license":1,"file_name":"Richard-Feynman-The_Character_of_Physical_Law-Part-2-full-version-kd0xTfdt6qw-_mp4-1_jpg.rf.0ee72c6f7e0e3925dd95d7e4d2ee9b17.jpg","height":640,"width":640,"date_captured":"2023-08-14T20:41:34+00:00"},{"id":26,"license":1,"file_name":"15525772766_3abe50a63a_jpg.rf.70a11a4dac447e271f7d7af832c0d65f.jpg","height":640,"width":640,"date_captured":"2023-08-14T20:41:34+00:00"},{"id":27,"license":1,"file_name":"falling_mp4-3_jpg.rf.7254e15db57ce638542f308066b7f1c0.jpg","height":640,"width":640,"date_captured":"2023-08-14T20:41:34+00:00"},{"id":28,"license":1,"file_name":"Richard-Feynman-The_Character_of_Physical_Law-Part-2-full-version-kd0xTfdt6qw-_mp4-1_jpg.rf.8a7e8921aebbd532c4e0fda9758aae66.jpg","height":640,"width":640,"date_captured":"2023-08-14T20:41:34+00:00"},{"id":29,"license":1,"file_name":"MPC_1_jpg.rf.7bdce965f831828ab25b105ab8b3c4b6.jpg","height":640,"width":640,"date_captured":"2023-08-14T20:41:34+00:00"},{"id":30,"license":1,"file_name":"whiteboard_jpg.rf.7eeb278d304d9d15bd4a56592a360b05.jpg","height":640,"width":640,"date_captured":"2023-08-14T20:41:34+00:00"},{"id":31,"license":1,"file_name":"Tracking_MPC_2_jpg.rf.85f3036c6478efaaf1501df5f820abbe.jpg","height":640,"width":640,"date_captured":"2023-08-14T20:41:34+00:00"},{"id":32,"license":1,"file_name":"20180910_132754_5b97bea52a6b222e6113ea32_jpg.rf.8a4031e80c77df729f37196ef86294d0.jpg","height":640,"width":640,"date_captured":"2023-08-14T20:41:34+00:00"},{"id":33,"license":1,"file_name":"Tracking_MPC_3_jpg.rf.5c8fe4552d270eb6938a47032175e5ff.jpg","height":640,"width":640,"date_captured":"2023-08-14T20:41:34+00:00"},{"id":34,"license":1,"file_name":"falling_mp4-3_jpg.rf.447f3a397411461aca622b660b39ded4.jpg","height":640,"width":640,"date_captured":"2023-08-14T20:41:34+00:00"},{"id":35,"license":1,"file_name":"Tracking_MPC_4_jpg.rf.86bbf01d1a6902d38baf54b6b96619e4.jpg","height":640,"width":640,"date_captured":"2023-08-14T20:41:34+00:00"},{"id":36,"license":1,"file_name":"ryerson2_png.rf.6f910c234c2c3eff44623998f59a69f2.jpg","height":640,"width":640,"date_captured":"2023-08-14T20:41:34+00:00"},{"id":37,"license":1,"file_name":"20180910_132754_5b97bea52a6b222e6113ea32_jpg.rf.665815102f6fc9631e74d2ebe5451385.jpg","height":640,"width":640,"date_captured":"2023-08-14T20:41:34+00:00"},{"id":38,"license":1,"file_name":"whiteboard_jpg.rf.5e77a2970e4e942e958fc31fac5b5d23.jpg","height":640,"width":640,"date_captured":"2023-08-14T20:41:34+00:00"},{"id":39,"license":1,"file_name":"falling_mp4-2_jpg.rf.70f5d131d4df4d1d875ac5216be3c1c5.jpg","height":640,"width":640,"date_captured":"2023-08-14T20:41:34+00:00"},{"id":40,"license":1,"file_name":"falling_mp4-5_jpg.rf.8664676927d5e1b38af43ff61d315460.jpg","height":640,"width":640,"date_captured":"2023-08-14T20:41:34+00:00"},{"id":41,"license":1,"file_name":"Tracking_MPC_5_jpg.rf.5ee1165fdf30989108198dba1f919088.jpg","height":640,"width":640,"date_captured":"2023-08-14T20:41:34+00:00"},{"id":42,"license":1,"file_name":"Tracking_MPC_4_jpg.rf.93db8c84984b1e7c07611ace44fee7fe.jpg","height":640,"width":640,"date_captured":"2023-08-14T20:41:34+00:00"},{"id":43,"license":1,"file_name":"foto-9-schoolbord2OM_jpg.rf.9fa33eff605b0f63dee4f682a0846f1d.jpg","height":640,"width":640,"date_captured":"2023-08-14T20:41:34+00:00"},{"id":44,"license":1,"file_name":"Tracking_MPC_5_jpg.rf.9f4d43deef48e712baa5a37b81bc4f6e.jpg","height":640,"width":640,"date_captured":"2023-08-14T20:41:34+00:00"},{"id":45,"license":1,"file_name":"Richard-Feynman-The_Character_of_Physical_Law-Part-2-full-version-kd0xTfdt6qw-_mp4-6_jpg.rf.8dde705109bf7fbbb190e7a25d1cdeb9.jpg","height":640,"width":640,"date_captured":"2023-08-14T20:41:34+00:00"},{"id":46,"license":1,"file_name":"image_jpg.rf.93a94d7c3a1be17f1367eb803305de9d.jpg","height":640,"width":640,"date_captured":"2023-08-14T20:41:34+00:00"},{"id":47,"license":1,"file_name":"Screenshot_20230720_214513_png.rf.8c05fa35619e64ace70e2e3d8400ceeb.jpg","height":640,"width":640,"date_captured":"2023-08-14T20:41:34+00:00"},{"id":48,"license":1,"file_name":"Example-of-visualisation-on-whiteboard-This-visualisation-shows-the-design-of-the_png.rf.8df9b891c57153b63de804eb8617eca1.jpg","height":640,"width":640,"date_captured":"2023-08-14T20:41:34+00:00"},{"id":49,"license":1,"file_name":"falling_mp4-3_jpg.rf.9b980d760a08ec1c1c392554b0616a2d.jpg","height":640,"width":640,"date_captured":"2023-08-14T20:41:34+00:00"},{"id":50,"license":1,"file_name":"foto6-formule-op-schoolbordOM_jpg.rf.a58a91d799e4011dbf3c88e2f3f264a6.jpg","height":640,"width":640,"date_captured":"2023-08-14T20:41:34+00:00"},{"id":51,"license":1,"file_name":"foto-9-schoolbord2OM_jpg.rf.a8ab3fea9143f240c7f5f13ec667587c.jpg","height":640,"width":640,"date_captured":"2023-08-14T20:41:34+00:00"},{"id":52,"license":1,"file_name":"foto-9-schoolbord2OM_jpg.rf.8ad0fe5febcbb82a487d5dfcc4995dfb.jpg","height":640,"width":640,"date_captured":"2023-08-14T20:41:34+00:00"},{"id":53,"license":1,"file_name":"falling_mp4-2_jpg.rf.89154ac8a8b3a849e284f405d817154d.jpg","height":640,"width":640,"date_captured":"2023-08-14T20:41:34+00:00"},{"id":54,"license":1,"file_name":"ryerson2_png.rf.de3db9ce8835d3497760a909aedb7246.jpg","height":640,"width":640,"date_captured":"2023-08-14T20:41:34+00:00"},{"id":55,"license":1,"file_name":"image_jpg.rf.e2ed9f9e645c8cc6be2fc8895ce06ac2.jpg","height":640,"width":640,"date_captured":"2023-08-14T20:41:34+00:00"},{"id":56,"license":1,"file_name":"Richard-Feynman-The_Character_of_Physical_Law-Part-2-full-version-kd0xTfdt6qw-_mp4-4_jpg.rf.cd31631f2d3cebd9d1129b1b49e6bdfc.jpg","height":640,"width":640,"date_captured":"2023-08-14T20:41:34+00:00"},{"id":57,"license":1,"file_name":"MPC_1_jpg.rf.c02653c106df75aba91b2f31fb05fd50.jpg","height":640,"width":640,"date_captured":"2023-08-14T20:41:34+00:00"},{"id":58,"license":1,"file_name":"Screenshot_20230720_214513_png.rf.bdc024d9d5094173736c0ba5083fd642.jpg","height":640,"width":640,"date_captured":"2023-08-14T20:41:34+00:00"},{"id":59,"license":1,"file_name":"Richard-Feynman-The_Character_of_Physical_Law-Part-2-full-version-kd0xTfdt6qw-_mp4-4_jpg.rf.add9450bb3f55e964b1e91bd908b0b8e.jpg","height":640,"width":640,"date_captured":"2023-08-14T20:41:34+00:00"},{"id":60,"license":1,"file_name":"falling_mp4-1_jpg.rf.f771fd95a6c3c208eb738da53d493e91.jpg","height":640,"width":640,"date_captured":"2023-08-14T20:41:34+00:00"},{"id":61,"license":1,"file_name":"Tracking_MPC_3_jpg.rf.e4e1fbc06d19ed500d4ca3ff40d680a9.jpg","height":640,"width":640,"date_captured":"2023-08-14T20:41:34+00:00"},{"id":62,"license":1,"file_name":"falling_mp4-0_jpg.rf.ec23df521a0fe650e6f57b5353f0500b.jpg","height":640,"width":640,"date_captured":"2023-08-14T20:41:34+00:00"},{"id":63,"license":1,"file_name":"falling_mp4-2_jpg.rf.b50418a348dd075c950cedcc7ccb4234.jpg","height":640,"width":640,"date_captured":"2023-08-14T20:41:34+00:00"},{"id":64,"license":1,"file_name":"15525772766_3abe50a63a_jpg.rf.aacb7831b459663607d7bf6b20d622fe.jpg","height":640,"width":640,"date_captured":"2023-08-14T20:41:34+00:00"},{"id":65,"license":1,"file_name":"Richard-Feynman-The_Character_of_Physical_Law-Part-2-full-version-kd0xTfdt6qw-_mp4-6_jpg.rf.f893195e6ca2eec64221368f9a1c4391.jpg","height":640,"width":640,"date_captured":"2023-08-14T20:41:34+00:00"},{"id":66,"license":1,"file_name":"Tracking_MPC_2_jpg.rf.ae79302b6cc5a2776775cf435e9453b2.jpg","height":640,"width":640,"date_captured":"2023-08-14T20:41:34+00:00"},{"id":67,"license":1,"file_name":"Richard-Feynman-The_Character_of_Physical_Law-Part-2-full-version-kd0xTfdt6qw-_mp4-1_jpg.rf.d597c32ec2e509ea53176121d6e5e227.jpg","height":640,"width":640,"date_captured":"2023-08-14T20:41:34+00:00"},{"id":68,"license":1,"file_name":"Example-of-visualisation-on-whiteboard-This-visualisation-shows-the-design-of-the_png.rf.ffc25b51785b8bb23f3485844ab14ab9.jpg","height":640,"width":640,"date_captured":"2023-08-14T20:41:34+00:00"},{"id":69,"license":1,"file_name":"Tracking_MPC_1_jpg.rf.edf57187f5b68136f6fb14c9b5c9dfd4.jpg","height":640,"width":640,"date_captured":"2023-08-14T20:41:34+00:00"},{"id":70,"license":1,"file_name":"Richard-Feynman-The_Character_of_Physical_Law-Part-2-full-version-kd0xTfdt6qw-_mp4-0_jpg.rf.cbc1ba89cb8dbd8f7287650d30695f6a.jpg","height":640,"width":640,"date_captured":"2023-08-14T20:41:34+00:00"},{"id":71,"license":1,"file_name":"Tracking_MPC_1_jpg.rf.a7f5c9724e97dbc4f5ae5d96c0b2b435.jpg","height":640,"width":640,"date_captured":"2023-08-14T20:41:34+00:00"}],"annotations":[{"id":0,"image_id":0,"category_id":2,"bbox":[0,3,638.871,621.524],"area":397073.563,"segmentation":[[484.518,622.263,489.788,616.351,638.494,618.568,638.871,2.956,14.682,2.956,8.282,8.129,12.047,184.018,8.282,209.145,3.012,212.102,7.906,218.753,11.294,216.536,8.282,232.794,12.8,235.751,13.553,249.053,15.059,361.386,12.8,365.82,16.565,382.079,15.435,393.164,10.165,387.252,6.776,395.381,8.282,410.162,4.518,410.162,12.047,424.942,6.776,433.811,7.529,458.938,2.635,459.677,4.518,453.025,1.882,452.286,0,469.284,7.906,468.545,9.788,473.718,9.035,531.363,11.294,543.187,9.035,547.621,13.176,554.273,12.8,498.845,15.812,466.328,20.329,568.314,15.435,573.487,14.306,562.402,10.918,560.185,8.282,571.27,9.788,587.529,6.024,591.963,8.282,596.397,0.376,591.224,1.129,604.527,18.447,604.527,19.576,591.963,15.435,592.702,14.306,586.051,18.447,576.443,21.082,603.788,28.235,610.439,326.4,610.439,366.306,616.351,470.965,616.351,475.106,624.48,476.988,619.307,484.518,622.263]],"iscrowd":0},{"id":1,"image_id":1,"category_id":2,"bbox":[0,0,589.032,529.946],"area":312155.174,"segmentation":[[147.878,0,0,159.178,0,362.855,144.195,500.34,170.68,524.351,180.014,529.946,182.485,524.817,180.856,500.411,175.318,469.596,165.859,461.021,145.117,452.043,105.374,413.556,88.246,383.289,86.725,359.39,90.009,350.903,104.11,335.845,113.699,333.075,132.407,334.886,173.941,360.256,184.394,361.544,198.102,380.522,212.406,395.128,219.973,401.989,224.876,401.111,238.761,385.038,246.26,382.01,258.055,365.68,262.845,333.173,273.476,299.41,274.817,281.792,280.805,271.663,289.146,239.099,288.647,227.182,297.919,208.565,302.311,178.974,310.356,164.157,316.395,161.444,322.36,163.167,333.728,175.929,345.26,182.289,347.277,186.984,344.391,192.556,345.68,212.968,376.231,251.311,375.958,257.205,369.164,256.368,339.907,224.112,338.464,226.898,342.969,228.935,333.976,227.333,332.169,237.978,328.834,239.05,328.902,248.938,334.015,263.399,330.946,272.901,332.678,312.139,329.826,322.655,342.249,352.342,346.259,373.584,335.134,426.551,340.337,439.048,388.262,482.495,393.981,482.341,569.219,295.209,589.032,170.119,401.383,0,147.878,0]],"iscrowd":0},{"id":2,"image_id":2,"category_id":2,"bbox":[16,6,624.262,603.529],"area":376760.656,"segmentation":[[640,6.471,586.33,7.059,563.733,12.941,483.834,20,395.057,22.353,391.828,27.059,305.473,29.412,273.997,35.294,35.107,50.588,20.58,52.941,15.738,58.824,33.09,320.588,40.353,538.235,45.195,568.824,51.248,576.471,102.093,576.471,105.322,571.765,156.974,576.471,158.588,580,161.009,576.471,177.15,576.471,178.764,580,181.185,576.471,183.607,581.176,186.028,576.471,188.449,580,191.677,577.647,192.484,582.353,226.381,584.706,231.223,590.588,236.066,583.529,246.557,578.824,284.489,584.706,286.91,591.765,312.736,591.765,328.878,597.647,331.299,592.941,389.407,597.647,392.232,610,396.671,591.765,408.777,592.941,409.584,597.647,440.252,598.824,469.306,605.882,477.377,603.529,484.641,608.235,486.255,604.706,535.485,604.706,542.749,608.235,545.17,604.706,563.733,609.412,567.768,605.882,571.803,609.412,579.874,604.706,596.015,605.882,609.332,600.588,602.875,575.882,607.314,560,640,555.882,640,6.471]],"iscrowd":0},{"id":3,"image_id":3,"category_id":1,"bbox":[0,148,606.66,437.122],"area":265184.612,"segmentation":[[0,299.635,90.379,583.341,601.603,585.297,606.66,518.56,507.823,171.858,500.416,148.175,444.17,163.523,0,285.649,0,299.635]],"iscrowd":0},{"id":4,"image_id":4,"category_id":1,"bbox":[36,171,604.486,469.037],"area":283526.151,"segmentation":[[640,303.373,529.729,193.041,504.121,170.963,35.514,188.552,82.661,438.87,274.387,640,610.946,640,640,617.859,640,303.373]],"iscrowd":0},{"id":5,"image_id":5,"category_id":2,"bbox":[1,60,629.817,579.99],"area":365287.323,"segmentation":[[630.515,640,626.423,111.186,625.89,92.822,0.698,60.01,2.736,235.095,9.843,443.8,25.024,635.822,31.583,640,630.515,640]],"iscrowd":0},{"id":6,"image_id":6,"category_id":1,"bbox":[0,24,627.154,571.897],"area":358667.677,"segmentation":[[117.923,585.026,555.154,539.35,585.154,533.88,589.462,529.504,591.846,522.256,595.077,500.103,625.077,142.906,627.231,98.325,625,90.256,602.692,86.427,33.308,25.709,0.077,24.068,0.077,595.966,117.923,585.026]],"iscrowd":0},{"id":7,"image_id":6,"category_id":1,"bbox":[268,4,370.256,51.054],"area":18903.119,"segmentation":[[638.462,3.647,268.205,4.558,637.436,54.701,638.462,3.647]],"iscrowd":0},{"id":8,"image_id":7,"category_id":2,"bbox":[98,0,520.368,582.517],"area":303123.351,"segmentation":[[316.083,0,200.231,149.872,197.965,156.151,199.98,157.631,222.419,164.328,229.046,161.86,255.631,144.714,272.663,142.554,283.127,145.347,284.019,157.001,274.836,185.089,261.641,208.399,257.825,225.151,221.127,270.313,210.083,290.314,196.772,308.65,188.091,313.276,169.161,334.819,166.933,345.405,155.56,364.552,173.658,365.618,182.184,359.656,213.032,355.417,229.27,348.396,239.229,334.932,243.724,326.01,248.936,321.282,264.146,299.452,302.451,238.36,311.965,227.013,351.394,155.747,371.816,129.188,379.469,125.642,389.797,117.336,391.812,118.816,387.569,127.922,392.84,125.681,390.825,132.145,383.327,144.972,384.509,145.229,390.748,139.421,408.36,114.466,424.558,95.195,457.85,115.969,416.289,172.838,424.835,180.945,422.975,188.745,373.877,254.134,366.669,255.564,334.036,236.495,373.95,183.306,376.12,178.178,368.001,177.716,339.829,216.917,315.687,259.076,313.847,265.058,307.24,273.65,298.25,291.492,273.256,334.248,255.895,359.388,248.048,373.181,237.275,383.603,233.07,389.071,231.133,396.203,220.418,409.113,219.198,412.494,222.337,411.744,230.823,401.476,225.146,410.14,219.237,416.8,216.098,417.551,215.032,414.324,218.074,406.78,212.028,410.286,202.011,421.263,194.182,425.293,176.996,442.006,170.621,444.658,157.697,458.39,144.443,463.325,129.214,479.03,116.367,485.486,98.328,502.795,117.202,518.485,144.406,482.851,151.401,477.599,171.321,482.446,187.133,491.611,187.521,494.951,160.995,530.472,158.302,537.049,153.342,541.962,155.106,543.257,173.629,520.193,178.667,515.948,180.43,517.242,172.506,530.367,157.528,546.257,157.778,550.117,158.118,550.367,205.599,489.891,210.444,487.948,215.23,491.462,226.819,507.914,184.424,563.559,182.855,567.907,185.2,570.239,202.756,582.517,206.748,581.17,211.205,575.887,305.099,451.728,309.672,443.475,306.048,442.037,309.516,434.195,351.232,370.719,359.118,361.232,375.491,357.365,381.13,352.339,441.195,274.225,447.666,262.478,427.804,252.173,441.56,231.72,481.397,177.863,485.233,175.18,505.309,181.364,512.517,179.934,575.333,97.73,618.696,38.518,567.309,0,316.083,0]],"iscrowd":0},{"id":9,"image_id":8,"category_id":1,"bbox":[0,0,639.931,494.38],"area":316368.961,"segmentation":[[20.564,0,0.069,0.368,89.138,473.256,90.373,478.169,92.376,482.228,92.431,486.631,94.23,491.249,95.308,492.45,97.354,486.459,96.684,482.078,98.015,479.691,99.608,483.628,100.076,491.044,103.105,494.38,105.205,491.554,109.92,488.636,118.74,487.777,123.508,485.959,122.84,484.055,120.48,482.623,119.914,481.267,120.734,480.274,123.043,481.02,125.046,485.492,127.047,486.661,128.277,485.379,127.917,483.465,126.992,482.258,125.095,482.049,124.581,480.966,128.736,481.647,128.889,480.816,131.606,480.445,132.325,481.384,130.532,482.961,130.226,485.036,132.022,486.763,134.278,485.583,136.637,486.602,139.354,485.406,142.534,485.845,143.763,483.325,147.253,486.231,149.251,483.684,152.227,486.333,154.482,484.327,157.817,485.587,159.354,483.881,162.432,485.426,164.225,482.61,165.817,485.307,171.306,488.144,177.922,487.913,179.92,485.366,183.305,486.073,185.099,484.909,190.023,485.563,195.667,489.22,197.409,486.957,203.153,487.032,205.821,488.866,210.743,487.868,211.51,484.538,214.43,481.132,216.123,482.312,215.304,483.717,215.306,486.195,216.746,491.375,219.672,494.164,220.85,493.021,221.207,489.98,224.131,491.53,226.696,491.578,226.024,486.371,223.457,482.606,222.838,477.673,223.554,476.133,226.941,478.493,229.198,478.965,231.611,482.322,233.359,487.078,234.639,485.244,234.482,481.533,237.509,482.804,239.815,480.246,241.251,481.297,242.895,484.268,244.125,483.399,244.79,481.173,246.125,483.329,247.51,484.106,250.073,482.09,254.484,483.312,256.026,486.562,256.537,484.342,257.972,483.741,258.636,481.103,256.48,477.874,256.376,476.088,266.94,475.444,268.99,473.996,272.222,475.948,272.686,478.409,272.174,479.804,272.894,481.568,275.302,479.557,276.374,473.738,278.476,472.564,279.811,474.719,282.12,475.465,283.404,478.586,284.841,480.05,285.969,479.047,285.555,475.207,286.426,473.662,288.532,477.443,290.995,479.422,293.05,483.342,295.716,482.698,297.508,479.47,295.864,475.673,296.375,473.866,298.889,474.879,302.17,474.214,303.812,474.707,304.531,476.059,305.35,474.653,307.658,474.573,309.762,476.289,311.767,482,313.717,483.722,316.182,487.765,319.568,489.299,321.927,488.666,324.852,491.041,333.211,491.025,341.72,486.047,345.258,485.098,347.104,485.033,349.362,487.157,351.823,486.245,354.029,487.269,360.029,487.06,361.618,485.628,369.31,485.359,378.794,481.449,387.46,479.77,391.152,479.641,393.923,481.196,402.742,479.512,432.332,478.754,435.358,479.198,436.692,480.528,437.922,478.834,443.768,478.63,446.539,480.185,448.435,478.742,452.076,479.165,453.922,478.275,456.898,480.924,459.566,481.932,467.208,482.216,470.184,484.865,472.439,482.859,475.313,484.961,477.568,483.781,483.159,484.687,484.951,481.871,488.233,481.206,489.05,477.324,491.821,478.879,494.747,482.906,498.337,483.056,505.003,481.447,514.025,476.727,517.564,477.429,519.512,476.26,527.463,479.01,529.462,477.289,537.822,478.098,539.308,476.945,542.334,477.39,544.384,475.942,547.309,477.492,548.435,475.25,550.537,474.901,562.026,475.876,565.259,479.067,567.926,479.249,570.181,478.069,572.747,480.182,578.697,480.525,584.182,478.406,588.645,479.902,593.055,479.473,595.518,481.039,598.441,480.937,600.388,478.116,605.774,479.579,608.081,478.673,611.774,479.37,614.798,477.337,618.798,477.197,620.85,478.227,623.208,476.768,625.774,478.881,630.749,479.808,640,480.24,640,42.443,637.201,42.952,624.634,39.537,599.298,38.219,585.809,35.662,559.908,32.987,528.624,31.327,521.34,29.654,505.749,29.097,503.082,28.089,478.207,25.93,455.745,25.062,442.409,22.5,428.356,21.889,410.661,19.203,361.786,16.23,343.731,13.282,320.499,12.441,308.137,9.294,299.623,8.49,291.826,5.734,266.081,4.706,261.566,2.936,256.08,4.229,245.618,4.594,230.796,2.359,227.822,3.013,221.4,0,217.346,0,216.896,0.091,215.995,0,20.564,0]],"iscrowd":0},{"id":10,"image_id":8,"category_id":1,"bbox":[104,535,535.592,102.951],"area":55139.767,"segmentation":[[640,535.955,638.408,536.094,632.407,535.478,561.586,537.676,559.073,536.662,555.535,537.612,548.816,536.47,545.944,536.845,544.151,538.835,537.997,539.05,477.534,538.684,463.432,540.277,455.277,539.736,453.124,540.637,435.021,540.719,428.099,541.787,410.508,541.3,389.944,542.293,388.407,543.173,379.996,542.916,377.997,543.812,344.457,544.157,322.869,546.287,104.408,554.329,120.325,638.429,268.325,633.261,275.066,633.597,282.088,633.352,282.941,632.75,283.195,630.814,284.017,632.713,285.531,633.232,320.886,631.997,333.146,631.272,335.192,631.498,356.185,630.765,356.89,630.719,356.958,630.738,368.945,630.319,369.197,630.289,370.175,630.276,406.55,629.006,406.582,628.983,406.642,629.003,441.265,627.794,441.351,627.769,441.409,627.789,456.343,627.267,456.582,627.237,457.812,627.216,506.903,625.501,507.044,625.475,507.44,625.483,527.744,624.774,529.761,624.406,566.787,622.838,640,620.491,640,535.955]],"iscrowd":0},{"id":11,"image_id":9,"category_id":1,"bbox":[350,78,290.058,561.658],"area":162913.18,"segmentation":[[640,139.674,375.642,78.342,349.942,640,625.341,640,640,336.364,640,139.674]],"iscrowd":0},{"id":12,"image_id":10,"category_id":1,"bbox":[0,0,530.918,617.642],"area":327917.149,"segmentation":[[247.397,0,0,75.15,0,617.642,65.302,606.909,104.761,588.777,495.128,394.458,500.598,390.589,511.689,378.277,514.735,346.918,530.918,0,247.397,0]],"iscrowd":0},{"id":13,"image_id":10,"category_id":1,"bbox":[0,0,246.833,75.091],"area":18534.909,"segmentation":[[176.99,0,0,68.753,0,75.091,246.833,0,176.99,0]],"iscrowd":0},{"id":14,"image_id":11,"category_id":1,"bbox":[118,8,495.949,542.249],"area":268927.809,"segmentation":[[131.899,182.714,160.601,179.7,172.047,193.333,193.378,236.327,193.977,260.511,206.125,280.014,258.163,312.248,327.015,276.183,360.996,250.167,379.553,263.574,363.53,278.814,372.766,293.148,354.019,313.315,332.015,345.686,282.116,368.629,243.39,366.699,243.474,395.108,258.312,415.789,258.191,437.154,274.538,451.263,264.153,466.745,279.125,550.348,599.968,468.741,614.246,305.545,568.357,113.058,541.908,9.459,463.994,8.099,118.297,116.957,131.899,182.714]],"iscrowd":0},{"id":15,"image_id":11,"category_id":1,"bbox":[0,137,156.904,494.29],"area":77555.88,"segmentation":[[0,487.412,37.723,631.461,58.613,624.832,156.904,592.85,46.604,137.171,0,149.875,0,487.412]],"iscrowd":0},{"id":16,"image_id":12,"category_id":1,"bbox":[0,58,563.378,572.695],"area":322643.895,"segmentation":[[0,518.584,72.641,631.101,534.345,440.965,563.378,330.035,413.542,77.171,401.603,58.406,348.048,96.042,0,341.433,0,518.584]],"iscrowd":0},{"id":17,"image_id":13,"category_id":1,"bbox":[0,36,606.008,604.227],"area":366165.966,"segmentation":[[463.32,640,548.125,545.346,606.008,307.298,377.083,98.691,136.684,35.773,0,189.766,0,624.861,16.514,640,463.32,640]],"iscrowd":0},{"id":18,"image_id":14,"category_id":2,"bbox":[20,55,620.495,570.399],"area":353929.938,"segmentation":[[640,336.485,495.021,117.322,231.276,54.814,19.505,144.895,28.291,210.169,303.674,625.213,264.29,539.842,254.517,505.81,255.394,478.953,262.545,463.46,260.379,425.427,252.702,393.624,246.581,385.31,232.385,374.184,211.452,342.541,204.538,328.331,185.204,303.8,161.098,248.573,153.113,210.667,157.518,194.78,174.189,186.162,184.052,185.101,199.231,191.137,223.757,208.016,236.011,219.964,250.183,240.448,273.721,264.757,294.653,296.4,306.386,322.591,312.993,330.699,321.032,347.549,319.883,354.267,324.074,358.724,331.462,377.408,350.453,409.874,369.905,451.492,379.081,466.302,403.435,487.148,464.019,562.762,495.454,596.189,513.172,620.625,598.421,595.429,640,579.524,640,336.485]],"iscrowd":0},{"id":19,"image_id":15,"category_id":1,"bbox":[0,178,586.917,462.261],"area":271308.475,"segmentation":[[393.677,640,437.981,616.779,551.648,551.45,586.917,364.199,486.869,200.484,469.34,177.739,0,178.06,0,576.723,35.74,640,393.677,640]],"iscrowd":0},{"id":20,"image_id":16,"category_id":2,"bbox":[0,9,611.744,585.856],"area":358394.127,"segmentation":[[0,412.026,79.969,454.525,390.19,595.355,427.243,591.678,605.999,300.712,611.744,239.167,143.785,9.499,0,227.853,0,412.026]],"iscrowd":0},{"id":21,"image_id":17,"category_id":1,"bbox":[0,0,603.061,556.611],"area":335670.742,"segmentation":[[333.213,0,0,364.412,0,407.502,162.461,556.611,588.918,233.395,603.061,123.495,480.607,0,333.213,0]],"iscrowd":0},{"id":22,"image_id":17,"category_id":1,"bbox":[0,0,166.591,205.592],"area":34249.772,"segmentation":[[149.011,0,0,157.181,0,205.592,166.591,0,149.011,0]],"iscrowd":0},{"id":23,"image_id":18,"category_id":1,"bbox":[62,186,545.204,454.335],"area":247705.348,"segmentation":[[607.318,640,588.623,204.575,62.113,185.665,85.171,494.368,568.18,640,607.318,640]],"iscrowd":0},{"id":24,"image_id":18,"category_id":1,"bbox":[51,9,468.315,55.052],"area":25781.819,"segmentation":[[519.784,39.387,416.507,31.561,51.469,8.757,53.876,63.525,58.738,63.809,519.784,39.387]],"iscrowd":0},{"id":25,"image_id":19,"category_id":1,"bbox":[252,103,388.137,537.498],"area":208622.92,"segmentation":[[640,640,640,256.822,261.256,102.502,251.863,165.328,279.316,182.246,285.317,201.094,290.636,250.569,283.124,270.701,287.814,294.812,325.017,356.24,400.487,373.302,440.474,375.02,453.103,398.485,433.257,400.1,436.987,418.028,412.988,421.823,381.919,433.376,328.288,418.404,293.247,390.685,283.852,413.917,290.629,440.806,283.393,458.153,293.751,480.698,279.019,486.317,264.938,564.626,427.135,640,640,640]],"iscrowd":0},{"id":26,"image_id":19,"category_id":1,"bbox":[30,13,158.034,504.167],"area":79675.699,"segmentation":[[47.709,480.813,138.144,516.784,188.453,70.591,59.88,13.092,57.706,12.617,30.419,306.562,47.709,480.813]],"iscrowd":0},{"id":27,"image_id":20,"category_id":1,"bbox":[49,57,591.077,549.47],"area":324779.087,"segmentation":[[58.615,389.88,64.154,540.034,66.667,563.419,72.821,566.154,181.026,570.712,511.769,606.085,625,606.085,640,604.034,639.923,63.453,630.538,61.265,70.385,56.615,59.923,56.889,52.231,59.077,50,62.222,49.077,68.239,48.923,85.744,58.615,389.88]],"iscrowd":0},{"id":28,"image_id":20,"category_id":1,"bbox":[82,4,557.436,57.436],"area":32016.831,"segmentation":[[638.974,61.083,638.974,3.647,81.538,3.647,83.59,50.142,638.974,61.083]],"iscrowd":0},{"id":29,"image_id":21,"category_id":1,"bbox":[99,155,540.927,445.477],"area":240970.816,"segmentation":[[640,227.742,634.392,176.775,632.061,159.645,619.159,159.422,99.073,155.25,139.498,464.734,640,600.727,640,227.742]],"iscrowd":0},{"id":30,"image_id":22,"category_id":1,"bbox":[170,17,469.549,572.131],"area":268643.688,"segmentation":[[640,77.513,584.956,31.325,582.932,30.499,568.83,19.19,566.135,17.782,564.39,17.314,560.979,19.008,541.191,38.836,517.914,66.808,514.395,68.175,511.764,70.78,508.894,74.572,509.193,77.857,507.233,81.043,496.712,91.46,493.765,92.161,490,95.177,479.8,107.036,475.467,110.257,456.087,133.698,453.37,134.133,452.431,137.041,433.068,159.101,370.935,223.166,344.237,253.754,295.705,305.186,254.582,351.182,184.106,423.132,171.958,437.257,170.451,440.372,173.483,446.611,190.562,463.995,226.548,497.092,246.758,517.194,285.641,553.736,310.674,576.86,325.311,589.445,552.721,529.927,585.687,491.598,591.65,482.932,597.659,477.678,625.185,445.673,629.963,435.662,633.93,434.683,640,427.625,640,77.513]],"iscrowd":0},{"id":31,"image_id":22,"category_id":1,"bbox":[33,0,513.91,423.581],"area":217682.316,"segmentation":[[182.86,0,96.125,83.082,32.524,157.512,65.639,317.892,96.587,348.914,167.408,416.901,174.112,423.185,176.311,423.581,180.163,422.735,187.705,415.783,524.878,51.871,539.365,35.026,546.433,26.397,545.537,24.164,531.885,12.315,516.508,0,182.86,0]],"iscrowd":0},{"id":32,"image_id":23,"category_id":1,"bbox":[54,172,529.444,452.346],"area":239491.907,"segmentation":[[53.889,485.926,571.667,624.198,583.333,171.852,55.556,176.79,53.889,485.926]],"iscrowd":0},{"id":33,"image_id":24,"category_id":1,"bbox":[0,0,598.932,631.259],"area":378081.218,"segmentation":[[451.106,0,43.49,151.132,0,167.927,0,571.073,14.073,621.219,19.751,630.322,21.303,631.259,34.351,631.189,57.31,626.197,560.761,486.31,598.932,235.889,557.499,0,451.106,0]],"iscrowd":0},{"id":34,"image_id":24,"category_id":1,"bbox":[0,0,332.339,119.483],"area":39708.921,"segmentation":[[232.155,0,0,83.132,0,119.483,332.339,0,232.155,0]],"iscrowd":0},{"id":35,"image_id":25,"category_id":1,"bbox":[105,47,525.768,544.198],"area":286121.823,"segmentation":[[105.154,531.358,118.771,544.198,127.092,554.074,124.823,569.877,627.139,591.605,630.922,48.395,112.719,47.407,105.154,531.358]],"iscrowd":0},{"id":36,"image_id":26,"category_id":2,"bbox":[0,1,631.698,639.412],"area":403915.062,"segmentation":[[486.208,640,622.062,345.992,631.698,162.134,227.327,1.323,101.141,0.588,91.331,23.024,0,234.696,0,544.801,253.564,640,486.208,640]],"iscrowd":0},{"id":37,"image_id":27,"category_id":1,"bbox":[0,135,551.232,505.208],"area":278486.682,"segmentation":[[379.595,640,540.112,275.523,551.232,248.84,517.531,241,52.496,134.792,0,263.075,0,481.482,277.612,640,379.595,640]],"iscrowd":0},{"id":38,"image_id":28,"category_id":1,"bbox":[147,0,493.451,526.297],"area":259701.932,"segmentation":[[640,0,146.549,0,158.726,489.331,173.006,500.856,181.815,509.964,180.174,526.297,640,494.974,640,0]],"iscrowd":0},{"id":39,"image_id":29,"category_id":1,"bbox":[105,137,534.757,484.306],"area":258986.236,"segmentation":[[640,158.136,639.443,157.491,631.729,140.861,629.942,138.364,628.598,137.147,624.887,137.128,599.191,146.05,567.028,160.745,563.358,160.38,559.955,161.538,555.846,163.66,554.741,166.764,551.687,168.753,538.076,173.383,535.188,172.677,530.614,173.69,516.686,179.77,511.526,180.711,484.684,193.084,482.109,192.241,480.07,194.442,453.818,205.573,372.383,235.221,336.115,250.724,271.925,275.138,216.53,298.008,124.457,330.987,107.868,338.228,105.243,340.358,105.315,347.374,113.121,370.848,131.041,417.116,140.474,444.469,159.51,495.167,171.933,527.444,186.73,562.29,210.459,621.434,460.413,569.823,466.121,568.284,503.708,551.877,512.089,545.002,515.992,545.921,539.78,535.537,550.154,529.369,551.849,525.023,553.338,523.718,556.15,523.801,558.932,521.604,561.663,522.378,562.723,520.932,573.481,516.564,580.479,515.149,596.361,508.871,615.302,499.292,619.769,495.375,633.107,490.536,640,487.026,640,158.136]],"iscrowd":0},{"id":40,"image_id":29,"category_id":1,"bbox":[24,0,585.478,328.836],"area":192526.07,"segmentation":[[151.598,0,24.355,56.052,23.654,60.783,34.119,94.57,78.262,224.131,112.34,317.765,115.629,326.492,117.401,327.849,121.148,328.836,130.689,325.982,579.387,150.412,599.17,141.777,608.992,137.192,609.132,134.767,602.04,117.853,581.622,73.905,546.791,0,151.598,0]],"iscrowd":0},{"id":41,"image_id":30,"category_id":2,"bbox":[0,0,591.001,622.847],"area":368103.045,"segmentation":[[241.144,0,240.063,3.488,156.378,53.563,127.346,76.018,0,157.161,0,510.661,44.601,622.847,128.021,614.569,171.307,593.83,173.916,595.883,175.249,591.582,191.02,582.59,193.63,584.643,194.963,580.342,198.705,582.929,199.694,577.645,203.092,579.248,205.558,575.481,207.723,578.968,241.529,562.052,247.981,564.274,250.648,555.673,259.522,545.892,298.304,529.681,302.734,534.236,327.967,519.849,345.458,515.777,346.448,510.492,404.598,482.057,410.408,490.04,410.912,489.752,409.975,473.09,422.147,467.33,424.312,470.817,454.62,454.716,485.072,444.434,492.269,437.97,500.742,437.859,501.287,434.008,545.318,408.903,591.001,180.971,527.709,0,241.144,0]],"iscrowd":0},{"id":42,"image_id":31,"category_id":1,"bbox":[0,0,630.977,476.101],"area":300408.721,"segmentation":[[21.266,0,0,122.245,0,465.423,2.649,463.641,5.457,464.959,7.572,463.28,10.028,464.878,12.79,462.093,13.379,464.819,17.729,467.753,24.28,467.637,27.147,465.123,30.203,465.89,32.374,464.757,36.954,465.497,41.16,469.254,43.675,467.02,49.264,467.195,51.215,469.076,56.385,468.163,58.33,464.845,62.406,461.489,63.639,462.699,62.334,464.09,61.447,466.569,60.997,471.776,62.856,474.617,64.419,473.494,65.858,470.459,68.161,472.06,70.651,472.153,71.863,466.932,70.703,463.121,71.868,458.174,73.121,456.647,75.585,459.066,77.623,459.578,78.778,462.978,78.78,467.767,80.69,465.954,81.868,462.239,84.371,463.563,87.543,461.044,88.571,462.121,89.112,465.121,90.626,464.274,92.075,462.059,92.607,464.238,93.682,465.04,96.911,463.068,100.786,464.367,101.127,467.645,102.423,465.433,104.042,464.857,105.638,462.229,104.688,458.962,105.226,457.174,115.786,456.713,118.31,455.3,120.77,457.309,120.34,459.78,119.34,461.166,119.41,462.943,122.487,460.973,125.622,455.171,128.098,454.032,128.63,456.212,130.62,456.998,130.756,460.143,131.636,461.632,133.098,460.649,134.072,456.8,135.477,455.27,136.179,459.089,137.878,461.111,138.48,465.069,141.318,464.471,144.229,461.273,143.983,457.446,145.131,455.647,147.225,456.704,150.673,456.096,152.1,456.618,152.319,457.982,153.624,456.591,155.909,456.551,157.351,458.304,157.262,464.052,158.551,465.808,159.51,469.896,162.271,471.49,164.804,470.897,166.811,473.325,174.99,473.454,185.095,468.623,188.895,467.735,190.723,467.702,192.169,469.866,194.902,468.997,196.691,470.06,202.633,469.954,204.7,468.55,212.317,468.415,222.992,464.668,232.067,463.139,235.723,463.075,237.874,464.679,247.101,463.147,276.303,462.904,279.102,463.402,279.93,464.756,281.74,463.082,287.529,462.979,289.68,464.583,292.052,463.173,295.46,463.66,297.584,462.801,299.544,465.503,301.79,466.558,309.159,466.975,311.119,469.677,314.044,467.71,316.099,469.863,318.727,468.722,323.868,469.725,326.631,466.94,330.078,466.331,332.27,462.461,334.421,464.065,335.838,468.145,339.294,468.358,346.388,466.864,356.902,462.299,360.11,463.063,362.434,461.928,369.221,464.818,371.793,463.13,379.676,464.086,381.543,462.958,384.342,463.456,386.866,462.043,389.169,463.644,391.075,461.421,393.255,461.109,404.138,462.285,406.154,465.533,408.697,465.761,411.325,464.62,413.076,466.779,418.769,467.225,424.893,465.201,428.719,466.776,433.185,466.423,435.031,468.032,437.926,467.981,440.841,465.193,445.582,466.751,448.163,465.884,451.523,466.646,455.209,464.665,459.17,464.595,460.807,465.661,463.636,464.242,465.386,466.401,469.918,467.415,486.132,468.496,488.777,473.376,492.101,470.854,493.709,473.836,496.498,473.513,498.545,474.845,501.278,473.975,508.647,474.392,510.052,472.862,511.121,468.465,512.279,467.487,512.147,473.92,513.109,476.101,513.986,476.085,516.112,474.26,518.263,475.864,523.52,473.582,527.233,474.064,528.991,472.254,529.45,467.867,531.722,466.595,533.711,467.381,533.884,473.809,535.375,475.707,536.083,475.694,538.65,473.041,541.792,472.438,543.466,467.619,547.577,462.757,548.853,463.282,549.842,465.454,551.708,464.326,555.174,465.359,562.259,463.045,563.223,458.375,564.26,460.273,566.906,460.773,569.885,463.731,572.423,463.549,605.243,274.7,630.977,29.854,621.889,26.867,597.591,25.107,585.319,22.314,560.956,19.187,530.965,16.981,524.444,15.181,509.4,14.353,507.154,13.298,483.609,10.704,461.958,9.445,449.839,6.649,436.319,5.794,419.982,2.799,385.802,0,21.266,0]],"iscrowd":0},{"id":43,"image_id":31,"category_id":1,"bbox":[0,522,562.278,93.825],"area":52755.907,"segmentation":[[0,615.686,60.523,614.615,66.993,615.069,73.947,614.946,74.996,614.359,75.939,612.426,76.062,614.34,77.356,614.886,112.365,614.266,124.612,613.755,126.531,614.016,147.319,613.648,148.025,613.614,148.085,613.634,159.955,613.424,160.213,613.398,161.173,613.403,197.193,612.766,197.232,612.744,197.283,612.764,231.569,612.157,231.662,612.134,231.712,612.155,246.499,611.893,246.744,611.868,247.954,611.868,255.894,611.727,551.138,585.897,562.278,521.86,496.527,523.981,482.255,523.96,473.048,522.755,457.214,523.856,451.568,523.135,381.538,524.1,379.443,523.043,375.644,523.931,369.484,522.671,366.542,522.997,364.075,524.956,357.981,525.064,298.997,523.645,284.638,524.994,276.86,524.31,274.431,525.174,256.702,524.94,249.551,525.888,232.528,525.094,212.066,525.73,210.247,526.583,202.116,526.18,199.84,527.041,166.924,526.802,145.053,528.558,0,531.399,0,615.686]],"iscrowd":0},{"id":44,"image_id":32,"category_id":2,"bbox":[17,139,611.2,408.178],"area":249478.258,"segmentation":[[21.867,547.556,213.867,547.556,628.267,525.511,614.933,139.378,18.133,155.733,17.067,539.733,21.867,547.556]],"iscrowd":0},{"id":45,"image_id":33,"category_id":1,"bbox":[57,20,583.424,620.24],"area":361863.051,"segmentation":[[640,640,640,290.634,243.275,72.583,163.193,29.755,108.374,19.76,99.209,55.763,56.576,291.057,88.307,454.302,377.209,640,640,640]],"iscrowd":0},{"id":46,"image_id":33,"category_id":1,"bbox":[290,53,349.59,195.964],"area":68507.081,"segmentation":[[640,214.082,383.458,69.917,290.41,52.951,640,248.915,640,214.082]],"iscrowd":0},{"id":47,"image_id":34,"category_id":1,"bbox":[88,12,551.931,581.761],"area":321091.973,"segmentation":[[640,222.526,206.974,12.081,88.069,293.249,452.337,593.841,569.279,574.622,640,421.281,640,222.526]],"iscrowd":0},{"id":48,"image_id":35,"category_id":1,"bbox":[0,0,635.01,517.45],"area":328586.089,"segmentation":[[65.426,0,0,250.685,0,517.45,44.685,512.289,478.189,457.109,508.565,450.905,513.896,446.298,518.152,438.752,527.249,415.762,631.905,106.721,635.01,0,65.426,0]],"iscrowd":0},{"id":49,"image_id":36,"category_id":2,"bbox":[134,0,286.333,637.257],"area":182467.962,"segmentation":[[420.333,633.143,420.667,626.743,419.333,482.286,417.833,473.6,413.833,474.514,411.667,466.743,405.667,396.343,406.167,384.914,417.5,373.029,419,366.171,419,274.743,416.833,262.4,393.333,265.6,391.667,242.743,390.333,180.571,391.833,176.457,412.833,170.057,418,165.029,417.667,69.029,415.833,0.914,310.167,0,274.167,11.886,266.167,10.971,263.833,0,137,2.286,135,86.4,134.333,314.057,136.5,320,139.167,320,162.5,312.686,166.5,307.2,177.833,279.771,190.833,268.8,201.5,265.143,209.833,273.371,220.333,299.429,224.333,324.114,232,338.743,230.333,392.686,234,413.714,234.667,434.743,230.333,442.971,228.333,469.486,233.333,478.629,236.167,499.2,252.167,490.057,255.5,480.914,278.833,460.8,288,446.629,287.667,431.086,285.667,421.943,287,415.543,285.667,390.857,278.333,324.114,279,310.4,266,235.429,266,204.343,270.167,197.486,273.5,185.6,276.167,185.6,278.5,194.743,281.5,190.171,284,196.114,286,209.829,287.167,209.371,288.667,201.6,287.333,173.257,288.5,149.943,330.167,147.2,332,212.571,344.5,213.943,348,220.8,349,296.686,343.833,301.714,303.833,305.371,303,243.657,301.5,238.629,294.333,242.743,296,287.543,303,332.343,305.333,337.829,305.333,347.886,309.333,366.171,316,411.886,317.667,440.229,320,454.857,317.667,468.571,317.667,474.971,320.667,481.371,320,496.914,321.167,500.114,323.333,497.829,323.833,485.486,324.667,495.086,324,503.314,321.833,505.6,318.833,503.771,316.5,496.457,313.667,502.4,312.333,516.114,308.333,523.429,304.667,545.371,301,550.857,299,568.229,291,579.2,288.333,599.314,281.667,611.2,277.667,634.057,303.833,635.429,303.667,593.829,306.167,586.057,326.167,578.743,345.5,576.914,348,579.2,348.667,620.343,350.667,626.743,349.667,633.143,352,633.143,352.667,605.714,354.167,599.771,356.5,599.771,358.333,613.943,356,634.057,359.167,637.257,360,565.486,362.833,561.371,369.167,561.371,389.667,567.314,390,632.229,391.5,636.343,395,636.8,417.833,636.343,420.333,633.143]],"iscrowd":0},{"id":50,"image_id":37,"category_id":2,"bbox":[0,129,636.789,511.368],"area":325633.468,"segmentation":[[316.109,640,333.807,634.668,635.449,523.233,636.789,408.121,500.809,128.632,0,296.865,0,365.843,122.719,640,316.109,640]],"iscrowd":0},{"id":51,"image_id":38,"category_id":2,"bbox":[0,55,590.804,584.559],"area":345359.577,"segmentation":[[369.78,640,410.086,629.949,416.198,639.989,416.699,639.82,415.237,621.895,427.349,619.08,429.643,623.363,459.746,614.489,490.175,611.825,497.242,606.918,505.794,609.094,506.225,605.156,544.17,592.377,590.804,366.528,502.443,100.702,276.62,55.441,230.789,72.234,229.172,77.835,146.226,108.298,117.607,124.256,0,172.39,0,544.132,35.476,640,369.78,640]],"iscrowd":0},{"id":52,"image_id":39,"category_id":1,"bbox":[69,82,571.014,558.451],"area":318883.678,"segmentation":[[640,420.335,196.873,81.549,68.986,304.532,371.292,640,578.479,640,640,541.48,640,420.335]],"iscrowd":0},{"id":53,"image_id":40,"category_id":1,"bbox":[53,173,528.889,446.42],"area":236106.447,"segmentation":[[54.444,479.012,570,619.259,581.667,172.84,52.778,173.827,54.444,479.012]],"iscrowd":0},{"id":54,"image_id":41,"category_id":1,"bbox":[0,10,600.077,603.897],"area":362384.915,"segmentation":[[57.769,611.556,170.846,601.436,553.615,551.385,559,549.47,570,540.855,573.538,508.855,600,77.265,600.154,62.769,597.769,59.897,575.154,54.974,555.462,53.333,12.692,10.393,0.077,10.393,0.077,614.291,57.769,611.556]],"iscrowd":0},{"id":55,"image_id":41,"category_id":1,"bbox":[5,3,574.872,51.966],"area":29873.68,"segmentation":[[580,2.735,5.128,10.028,573.333,54.701,580,2.735]],"iscrowd":0},{"id":56,"image_id":42,"category_id":1,"bbox":[0,0,586.759,580.34],"area":340519.262,"segmentation":[[410.523,0,0,50.138,0,580.34,447.682,437.427,479.052,425.23,484.113,419.946,487.663,412.273,494.386,389.74,580.3,31.464,586.759,0,410.523,0]],"iscrowd":0},{"id":57,"image_id":43,"category_id":1,"bbox":[12,0,628.421,640],"area":402189.474,"segmentation":[[18.947,620.819,21.842,634.386,26.579,638.129,237.632,640,534.474,636.257,640,581.52,639.737,156.257,336.579,2.807,15.526,0,13.158,4.211,11.579,27.602,18.947,620.819]],"iscrowd":0},{"id":58,"image_id":44,"category_id":1,"bbox":[52,0,588.097,624.729],"area":367401.293,"segmentation":[[251.168,0,51.903,203.129,112.224,439.203,338.08,624.729,546.545,606.491,553.413,595.948,640,448.033,640,175.628,447.481,0,251.168,0]],"iscrowd":0},{"id":59,"image_id":44,"category_id":1,"bbox":[47,0,203.6,203.004],"area":41331.695,"segmentation":[[192.778,0,47.183,184.659,51.871,203.004,250.784,0,192.778,0]],"iscrowd":0},{"id":60,"image_id":45,"category_id":1,"bbox":[6,0,634.231,632.059],"area":400871.681,"segmentation":[[243.909,0,5.769,123.856,17.081,366.733,153.724,632.059,415.899,615.258,640,499.551,640,210.11,627.085,184.598,533.096,0,243.909,0]],"iscrowd":0},{"id":61,"image_id":46,"category_id":2,"bbox":[107,1,533.125,563.125],"area":300216.016,"segmentation":[[639.688,1.25,106.875,1.875,107.813,483.75,125,401.875,137.813,371.25,156.563,350,174.063,340,197.188,308.75,210.625,280.625,210,271.875,203.125,258.125,203.125,225.625,205.625,211.875,202.5,185.625,215,133.125,232.188,100,247.188,88.75,269.688,87.5,280.313,90,291.563,100,305,121.875,309.375,135.625,310,156.875,317.5,184.375,317.5,216.875,311.875,241.875,313.125,250.625,310,266.875,304.375,271.875,305.625,276.875,300.625,294.375,298.125,326.875,290,366.875,289.375,381.875,300,406.875,310.625,488.125,320,525.625,321.563,551.25,424.063,560,591.875,564.375,640,559.375,639.688,1.25]],"iscrowd":0},{"id":62,"image_id":47,"category_id":2,"bbox":[18,0,588.42,554.204],"area":326104.196,"segmentation":[[148.285,0,18.137,71.729,117.816,449.486,129.087,489.055,134.157,499.897,138.03,495.61,146.113,468.351,153.63,432.15,149.605,418.018,137.016,397.669,121.043,335.63,119.396,294.083,127.369,267.428,133.155,259.923,149.814,250.846,158.283,252.762,172.044,264.31,194.421,313.064,202.005,319.816,205.331,347.389,210.791,370.533,214.012,381.839,218.136,383.401,235.016,373.116,241.969,373.681,257.333,362.045,273.477,329.306,294.615,298.2,302.395,279.812,310.899,271.914,329.809,240.933,333.985,227.775,348.275,212.371,362.996,182.584,374.883,170.666,380.588,170.822,384.537,175.745,388.435,195.388,394.91,208.185,394.671,214.301,390.308,218.855,383.49,241.615,392.417,298.786,389.95,305.028,385.021,300.639,374.764,250.722,372.583,252.999,375.284,257.514,368.949,251.17,363.478,261.769,360.491,261.22,356.759,271.96,355.173,290.237,349.165,298.952,335.483,342.321,329.253,352.245,327.488,390.754,322.455,415.807,293.584,467.452,292.82,483.649,312.917,554.204,335.565,548.276,606.557,400.631,605.221,384.184,589.136,324.248,496.775,0,148.285,0]],"iscrowd":0},{"id":63,"image_id":48,"category_id":2,"bbox":[0,0,594.126,617.872],"area":367094.059,"segmentation":[[184.713,0,0,129.109,0,557.55,3.547,559.303,1.89,569.553,12.066,588.204,7.705,592.01,6.985,585.694,4.209,586.877,8.666,600.59,8.884,601.031,16.04,595.277,19.772,597.973,29.174,617.872,33.191,617.308,32.088,615.127,22.699,588.35,38.789,616.521,232.801,589.255,371.348,492.414,411.398,470.482,510.597,401.144,516.908,404.263,517.559,403.808,517.42,399.407,525.669,396.671,528.439,388.674,546.552,376.303,594.126,138.938,525.48,0,184.713,0]],"iscrowd":0},{"id":64,"image_id":49,"category_id":1,"bbox":[54,173,528.333,450.37],"area":237945.68,"segmentation":[[56.667,486.914,572.778,623.21,582.778,172.84,54.444,174.815,56.667,486.914]],"iscrowd":0},{"id":65,"image_id":50,"category_id":1,"bbox":[0,0,597.304,638.435],"area":381339.896,"segmentation":[[116.644,622.787,349.051,635.306,593.783,638.435,597.744,632.958,586.3,296.528,582.338,267.579,158.019,6.259,0.44,0,1.32,604.01,116.644,622.787]],"iscrowd":0},{"id":66,"image_id":51,"category_id":1,"bbox":[3,23,637.111,617.211],"area":393232.03,"segmentation":[[640,381.584,516.304,139.057,417.83,56.245,169.291,22.789,2.889,248.28,5.651,485.665,75.185,544.152,193.549,640,542.478,640,640,511.72,640,381.584]],"iscrowd":0},{"id":67,"image_id":52,"category_id":1,"bbox":[21,7,618.812,632.761],"area":391560.483,"segmentation":[[640,273.222,482.153,69.984,392.514,20.571,138.122,7.239,21.188,279.612,39.021,514.96,144.328,573.025,271.546,640,575.498,640,640,495.263,640,273.222]],"iscrowd":0},{"id":68,"image_id":53,"category_id":1,"bbox":[55,172,528.889,453.333],"area":239762.963,"segmentation":[[55,484.938,571.111,625.185,583.889,171.852,55.556,173.827,55,484.938]],"iscrowd":0},{"id":69,"image_id":54,"category_id":2,"bbox":[0,0,547.895,563.898],"area":308956.914,"segmentation":[[197.022,0,129.498,48.729,104.553,80.744,97.193,85.084,89.577,77.999,0,145.863,0,189.959,22.716,226.788,138.453,404.808,143.356,408.075,145.653,406.391,162.021,385.945,162.664,379.138,158.416,350.581,164.011,333.81,171.333,324.219,182.717,325.373,205.077,339.068,221.136,355.799,235.215,362.367,261.339,405.502,275.242,419.59,286.56,435.574,287.03,444.73,298.853,466.678,307.833,470.652,320.784,484.91,329.898,467.67,328.099,458.432,337.927,428,338.585,411.154,330.356,399.239,323.962,393.37,321.841,387.535,308.08,369.12,267.662,321.686,261.23,310.566,211.726,260.292,195.844,236.041,195.931,228.06,192.73,216.682,195.028,214.997,201.709,220.656,201.958,215.194,207.149,218.251,215.879,227.686,216.65,226.593,213.972,219.583,198.343,198.314,187.437,179.389,221.936,150.928,256.914,200.767,268.385,193.94,274.904,197.078,314.536,255.646,312.653,262.833,280.058,290.955,247.809,243.337,243.948,240.362,239.875,248.099,264.2,281.995,293.119,312.522,297.932,315.328,303.071,323.173,315.859,334.911,344.959,366.362,360.876,387.42,370.36,397.358,375.356,409.531,378.626,414.524,384.481,417.621,391.847,430.167,394.488,431.927,395.187,428.775,389.311,418.83,394.934,425.793,398.564,432.633,397.865,435.785,394.346,436.254,388.598,432.022,389.193,438.448,395.051,449.989,395.342,458.222,403.393,477.656,403.037,484.252,410.189,499.067,408.901,512.68,416.88,530.056,417.209,543.54,425.44,563.898,448.686,548.437,427.289,516.09,425.472,508.448,438.967,490.108,454.691,476.468,458.013,476.671,479.607,508.346,484.6,512.076,487.009,517.7,489.019,516.226,475.58,494.408,473.836,488.824,475.846,487.35,484.666,497.247,492.932,514.413,496.682,514.839,497.07,514.554,461.345,458.392,461.684,453.393,467.141,449.392,487.841,441.077,521.293,491.507,524.687,493.769,527.936,491.915,547.376,477.134,547.895,473.058,544.913,467.855,469.96,356.004,464.23,350.176,461.251,353.416,455.413,348.722,414.276,297.593,408.868,288.361,412.56,271.929,410.349,265.632,363.638,194.308,355.465,186.048,336.852,203.389,323.738,186.611,290.825,138.953,290.016,134.795,304.84,116.536,306.722,109.35,257.388,34.669,233.123,0,197.022,0]],"iscrowd":0},{"id":70,"image_id":55,"category_id":2,"bbox":[0,56,595.506,584.302],"area":347955.443,"segmentation":[[409.442,640,532.252,552.133,595.506,291.999,443.311,75.511,326.99,55.698,0,290.547,0,295.477,61.345,267.525,94.923,259.02,123.798,261.07,142.293,269.033,182.24,268.461,214.022,261.997,221.192,256.11,229.127,242.106,257.072,222.112,270.308,215.67,291.112,197.001,343.322,174.786,381.524,168.271,399.68,173.449,413.479,190.827,417.338,200.935,415.101,216.161,403.892,240.457,394.543,252.444,376.625,266.021,357.221,288.988,329.277,308.981,304.6,319.824,297.783,326.215,282.044,333.691,274.564,332.23,270.971,336.315,253.097,343.047,223.738,361.025,184.75,379.079,171.499,387.802,156.012,411.752,92.159,470.305,65.217,500.936,44.068,517.961,94.51,606.018,116.946,640,409.442,640]],"iscrowd":0},{"id":71,"image_id":56,"category_id":1,"bbox":[349,16,276.879,622.222],"area":172280.536,"segmentation":[[625.626,638.025,622.6,15.802,348.747,17.778,353.286,638.025,625.626,638.025]],"iscrowd":0},{"id":72,"image_id":57,"category_id":1,"bbox":[28,288,564.5,349.778],"area":197449.556,"segmentation":[[270.75,636.444,280.583,637.926,318.083,637.63,328.417,634.667,331.583,637.037,356.917,637.037,368.583,635.556,371.75,632.296,373.583,631.704,376.083,632.889,379.417,632,381.583,633.778,383.083,632.889,394.417,633.185,401.25,634.667,417.917,635.259,438.583,634.074,444.083,632.296,457.917,633.185,487.417,631.407,494.417,629.037,521.083,627.852,545.583,629.037,547.25,629.926,549.75,626.074,552.25,629.333,562.583,629.333,582.25,626.074,589.917,623.407,591.333,619.704,591.833,612,592.5,494.667,590,336.741,589.333,334.667,588.667,316.593,588,313.63,587.25,312,583.917,310.519,557.417,308.444,522.917,309.037,519.75,307.259,516.25,306.963,511.75,307.259,509.583,309.63,506.083,310.222,492.083,309.037,489.75,307.259,485.25,306.37,470.417,306.37,465.417,305.185,436.583,305.778,434.583,304,431.917,305.185,404.083,304.889,319.583,299.556,281.083,299.259,214.083,296,155.583,294.815,60.25,288.296,42.583,288.296,39.417,289.185,36.833,295.556,35,319.852,33.667,368.741,31.833,397.185,29.833,450.519,28.833,484.593,29,521.926,28,587.111,28,631.556,28.667,635.704,29.917,637.333,33.583,637.926,109.917,637.037,113.083,637.926,176.333,638.074,257.75,637.926,270.75,636.444]],"iscrowd":0},{"id":73,"image_id":57,"category_id":1,"bbox":[54,0,516.833,305.185],"area":157729.876,"segmentation":[[55.25,282.963,58.25,285.333,67.917,286.519,546.417,305.185,569.75,304.593,570.833,302.37,571,289.926,569,236.593,564,120.148,559.667,39.556,556.917,33.185,555.417,32.296,472.222,21.728,403.889,15.802,249.25,0,74.083,0.593,71.667,4.593,68.333,39.259,59.167,173.778,54.5,271.852,54.167,281.037,55.25,282.963]],"iscrowd":0},{"id":74,"image_id":58,"category_id":2,"bbox":[92,1,455.696,635.762],"area":289714.141,"segmentation":[[546.835,427.55,547.342,5.828,545.57,1.06,98.734,3.709,91.646,424.371,91.646,468.874,93.418,482.119,97.975,480,112.152,457.748,128.101,426.49,128.101,410.596,122.025,384.106,123.544,315.232,132.658,273.907,146.582,252.185,153.671,247.947,170.886,247.947,177.975,254.305,187.342,272.848,194.937,332.185,200,342.781,195.949,371.391,194.937,396.821,194.937,409.536,198.228,413.245,215.949,412.185,222.025,416.424,238.734,413.245,261.519,389.934,288.354,370.861,300,357.086,309.62,353.907,334.43,333.775,341.519,323.179,358.228,315.762,378.987,294.57,392.658,289.272,397.722,292.45,400,299.338,398.481,320.53,401.013,336.424,399.241,342.252,394.177,344.371,382.278,362.914,375.696,423.311,371.899,428.079,368.608,421.192,372.152,367.152,369.62,368.212,370.886,374.04,366.835,364.503,359.241,371.921,356.709,369.801,350.633,378.278,344.557,395.232,336.962,400.53,313.671,435.497,305.57,441.854,294.177,478.411,283.291,500.132,244.304,535.099,239.494,550.464,239.494,630.993,243.291,636.821,541.266,636.291,544.304,619.338,546.835,427.55]],"iscrowd":0},{"id":75,"image_id":59,"category_id":1,"bbox":[153,0,481.736,588.461],"area":283482.957,"segmentation":[[492.314,0,153.326,562.141,210.697,588.461,453.265,533.944,628.707,244.29,635.062,25.855,577.347,0,492.314,0]],"iscrowd":0},{"id":76,"image_id":60,"category_id":1,"bbox":[88,53,551.617,455.405],"area":251209.333,"segmentation":[[640,265.474,620.01,69.933,617.797,52.705,604.982,55.046,88.383,154.378,126.696,465.99,640,508.11,640,265.474]],"iscrowd":0},{"id":77,"image_id":61,"category_id":1,"bbox":[0,78,640,535.795],"area":342908.718,"segmentation":[[14.923,433.094,25.077,546.598,28.923,557.812,30.231,559.316,42.538,563.966,65,567.248,597.923,611.556,634.846,614.291,640,613.607,639.923,78.496,130.538,84.239,7.462,87.521,0.231,90.256,0,150.291,14.923,433.094]],"iscrowd":0},{"id":78,"image_id":61,"category_id":1,"bbox":[3,0,633.846,37.379],"area":23692.483,"segmentation":[[636.923,0.912,4.103,0,3.077,37.379,636.41,37.379,636.923,0.912]],"iscrowd":0},{"id":79,"image_id":62,"category_id":1,"bbox":[56,165,527.778,447.407],"area":236131.687,"segmentation":[[59.444,484.938,574.444,612.346,583.889,164.938,56.111,176.79,59.444,484.938]],"iscrowd":0},{"id":80,"image_id":62,"category_id":1,"bbox":[56,0,481.667,55.309],"area":26640.329,"segmentation":[[55.556,55.309,537.222,1.975,56.667,0,55.556,55.309]],"iscrowd":0},{"id":81,"image_id":63,"category_id":1,"bbox":[0,41,620.391,577.363],"area":358190.526,"segmentation":[[0,379.271,183.443,618.054,612.824,427.804,620.391,309.721,461.076,89.902,423.122,40.691,396.591,61.67,0,377.562,0,379.271]],"iscrowd":0},{"id":82,"image_id":64,"category_id":2,"bbox":[1,55,629.739,581.662],"area":366295.65,"segmentation":[[12.184,629.705,23.727,636.568,618.196,625.416,630.381,54.906,0.641,54.906,2.565,438.391,12.184,629.705]],"iscrowd":0},{"id":83,"image_id":65,"category_id":1,"bbox":[7,10,623.516,629.708],"area":392632.915,"segmentation":[[11.467,638.129,630.683,640,629.25,10.292,7.167,10.292,11.467,638.129]],"iscrowd":0},{"id":84,"image_id":66,"category_id":1,"bbox":[0,0,640,508.308],"area":325316.923,"segmentation":[[44.538,0,40.385,0.821,0,0.137,0,473.026,0.308,477.949,1.538,482.051,0.769,486.427,1.692,491.077,2.538,492.308,5.692,486.427,5.846,482.051,7.615,479.726,8.462,483.692,7.538,491.077,9.923,494.496,12.538,491.761,17.769,489.026,26.692,488.479,31.769,486.838,31.462,484.923,29.385,483.419,29.077,482.051,30.077,481.094,32.231,481.915,33.385,486.427,35.154,487.658,36.615,486.427,36.615,484.513,35.923,483.282,34.077,483.009,33.769,481.915,37.769,482.735,38.077,481.915,40.846,481.641,41.385,482.598,39.308,484.103,38.615,486.154,40.077,487.932,42.538,486.838,44.692,487.932,47.615,486.838,50.692,487.385,52.385,484.923,55.308,487.932,57.769,485.47,60.231,488.205,62.846,486.291,65.923,487.658,67.769,486.017,70.538,487.658,72.846,484.923,73.923,487.658,78.846,490.667,85.462,490.667,87.923,488.205,91.154,489.026,93.154,487.932,97.923,488.752,102.846,492.581,105,490.393,110.692,490.667,113,492.581,118.077,491.761,119.462,488.479,123,485.197,124.462,486.427,123.385,487.795,122.923,490.256,123.385,495.453,125.769,498.325,127.154,497.231,128.077,494.222,130.692,495.863,133.231,496,133.538,490.803,131.692,486.974,132,482.051,133,480.547,135.923,483.009,138.077,483.556,139.846,486.974,140.692,491.761,142.308,489.983,142.846,486.291,145.615,487.658,148.385,485.197,149.615,486.291,150.692,489.299,152.077,488.479,153.154,486.291,154.077,488.479,155.308,489.299,158.231,487.385,162.385,488.752,163.308,492.034,164.231,489.846,165.769,489.299,166.923,486.701,165.385,483.419,165.615,481.641,176.231,481.368,178.538,480,181.385,482.051,181.385,484.513,180.615,485.88,181,487.658,183.769,485.744,185.923,480,188.231,478.906,189.154,481.094,191.308,481.915,192,485.06,193.154,486.564,194.462,485.607,194.769,481.778,195.923,480.274,197.308,484.103,199.385,486.154,200.692,490.12,203.462,489.573,205.846,486.427,204.923,482.598,205.769,480.821,208.077,481.915,211.462,481.368,213,481.915,213.462,483.282,214.538,481.915,216.846,481.915,218.615,483.692,219.538,489.436,221.154,491.214,222.846,495.316,225.923,496.957,228.385,496.41,230.846,498.872,239.154,499.145,248.538,494.496,252.231,493.675,254.077,493.675,255.923,495.863,258.538,495.043,260.538,496.137,266.538,496.137,268.385,494.769,276.077,494.769,286.231,491.214,295.154,489.846,298.846,489.846,301.308,491.487,310.385,490.12,339.923,490.393,342.846,490.94,343.923,492.308,345.462,490.667,351.308,490.667,353.769,492.308,355.923,490.94,359.462,491.487,361.462,490.667,363.923,493.402,366.385,494.496,373.923,495.043,376.385,497.778,379,495.863,381.462,498.051,383.923,496.957,389.308,498.051,391.615,495.316,395,494.769,396.538,490.94,399,492.581,401.154,496.684,404.692,496.957,411.615,495.59,421.462,491.214,424.846,492.034,427,490.94,434.385,493.949,436.692,492.308,444.846,493.402,446.538,492.308,449.462,492.855,451.769,491.487,454.385,493.128,455.923,490.94,458.077,490.667,469.308,492.034,471.923,495.316,474.538,495.59,477,494.496,479.154,496.684,485,497.231,490.846,495.316,495,496.957,499.462,496.684,501.615,498.325,504.538,498.325,507,495.59,512.077,497.231,514.538,496.41,518.077,497.231,521.462,495.316,525.462,495.316,527.308,496.41,529.923,495.043,532.077,497.231,536.846,498.325,553.462,499.692,557,504.615,559.923,502.154,562.077,505.162,564.846,504.889,567.154,506.256,569.769,505.436,577.308,505.983,578.462,504.479,578.769,500.103,579.769,499.145,580.769,505.573,582.462,508.308,584.846,505.983,587.308,507.624,592.231,505.436,596.077,505.983,597.538,504.205,597.231,499.829,599.308,498.598,601.462,499.419,602.769,505.846,605,508.171,607.462,505.162,610.538,504.615,611.385,499.829,614.692,495.043,616.077,495.59,617.462,497.778,619.154,496.684,622.846,497.778,629.615,495.59,629.769,490.94,631.154,492.855,633.923,493.402,637.462,496.41,640,496.274,639.923,65.915,632.692,63.453,625,64.547,613.154,60.718,588.231,58.53,575.308,55.521,550.077,51.966,519.308,49.231,512.385,47.316,497,46.222,494.538,45.128,470.231,42.12,448.077,40.479,435.308,37.47,421.462,36.376,404.385,33.094,356.385,28.444,339,24.889,316.077,23.248,304.385,19.692,296.077,18.598,288.846,15.59,263.462,13.675,259.308,11.761,253.615,12.855,243.154,12.855,228.846,10.12,225.769,10.667,218.846,6.838,215.462,7.385,205.615,6.017,200.692,3.829,190.846,2.188,164.385,0.821,153.154,1.368,148.231,0.274,145.462,1.641,142.077,0.821,105.154,1.094,99.462,0,44.538,0]],"iscrowd":0},{"id":85,"image_id":66,"category_id":1,"bbox":[0,552,640,88.342],"area":56538.803,"segmentation":[[640,554.53,573.769,555.487,559.308,555.214,549.769,553.846,533.923,554.667,528.077,553.846,457.308,553.573,455,552.479,451.308,553.299,444.846,551.932,441.923,552.205,439.769,554.12,433.615,554.12,373.615,551.658,359.308,552.752,351.308,551.932,349,552.752,331,552.205,323.923,553.026,306.538,551.932,285.923,552.205,284.231,553.026,275.923,552.479,273.769,553.299,240.385,552.479,218.538,553.846,0,554.256,0.077,638.359,148.077,638.359,160.846,639.453,162.692,638.359,163.308,636.444,163.769,638.359,167.154,639.726,212.846,638.632,218.385,639.453,236.538,638.906,239,639.726,248.846,638.906,261.308,639.179,263.615,640,266.231,640,275.923,639.179,284.385,640,286.231,638.906,289.077,640,291.154,639.726,299,640,300.846,639.179,303.308,640,311.154,639.453,316.385,640,321,638.906,323.769,640,336.231,638.906,351.923,639.179,354.231,640,376.231,639.179,379.308,640,386.692,638.906,401.769,639.726,409.462,638.632,446.538,638.359,639.154,638.906,640,638.496,640,554.53]],"iscrowd":0},{"id":86,"image_id":67,"category_id":1,"bbox":[131,0,509.371,551.98],"area":281162.164,"segmentation":[[199.674,0,130.629,444.562,142.507,459.18,149.479,470.171,144.964,485.91,552.019,551.98,640,534.346,640,7.095,580.728,0,199.674,0]],"iscrowd":0},{"id":87,"image_id":68,"category_id":2,"bbox":[10,50,629.677,590.004],"area":371511.458,"segmentation":[[640,640,640,282.442,591.281,143.774,315.665,76.756,10.323,49.996,58.566,283.634,62.267,285.98,67.78,299.688,109.7,415.036,109.14,419.395,118.596,436.387,121.512,447.663,114.346,441.158,114.039,449.213,120.804,464.5,117.207,464.184,129.727,479.976,127.888,488.631,137.662,514.467,133.253,514.816,132.654,508.151,129.87,507.172,134.049,523.856,134.257,524.449,141.484,524.353,145.147,529.817,165.201,588.882,171.62,601.199,171.06,605.559,177.414,612.728,157.079,555.843,148.238,522.741,189.308,627.729,186.496,632.626,181.422,621.161,177.386,618.603,178.864,629.753,183.314,640,190.227,640,190.439,635.91,192.229,640,640,640]],"iscrowd":0},{"id":88,"image_id":69,"category_id":1,"bbox":[0,0,624.213,556.192],"area":347182.693,"segmentation":[[119.767,0,14.382,304.987,0,347.184,0,490.783,59.169,498.55,334.847,556.192,488.023,524.564,600.297,225.568,624.213,10.086,514.931,0,119.767,0]],"iscrowd":0},{"id":89,"image_id":70,"category_id":1,"bbox":[203,63,433.475,493.827],"area":214061.816,"segmentation":[[202.742,131.358,230.733,137.284,238.298,154.074,248.132,202.469,242.837,226.173,249.645,248.889,291.253,296.296,365.39,282.469,403.972,267.654,418.345,286.42,399.433,296.296,404.728,313.086,382.033,326.914,353.286,351.605,300.331,358.519,264.019,344.691,257.21,372.346,266.288,397.037,260.993,417.778,273.097,436.543,259.48,448.395,253.428,534.321,628.652,557.037,636.217,64.198,205.768,63.21,202.742,131.358]],"iscrowd":0},{"id":90,"image_id":70,"category_id":1,"bbox":[1,55,131.153,483.743],"area":63444.506,"segmentation":[[1.433,55.205,4.3,538.947,126.853,538.012,132.587,60.819,1.433,55.205]],"iscrowd":0},{"id":91,"image_id":71,"category_id":1,"bbox":[38,33,602.463,606.664],"area":365493.037,"segmentation":[[640,296.759,229.822,48.85,156.832,33.336,156.409,34.517,76.452,297.832,37.701,428.262,37.537,429.045,39.927,456.362,140.889,521.077,307.614,640,628.959,640,640,608.116,640,296.759]],"iscrowd":0},{"id":92,"image_id":71,"category_id":1,"bbox":[247,52,393.203,242.463],"area":95337.256,"segmentation":[[640,238.107,373.48,79.386,246.797,52.458,640,294.922,640,238.107]],"iscrowd":0}]}